case_id,activity,timestamp,cost,co2,energy
O1,Rohmaterial prüfen,2024-01-01 06:06:00,22.483570765056164,0.36173569882881534,3.295377076201385
O1,Fräsen Maschine B,2024-01-01 06:36:00,187.61514928204014,19.765846625276666,39.53172608610164
O1,Qualitätskontrolle,2024-01-01 08:06:00,37.896064077536955,1.767434729152909,2.0610512281300957
O1,Lackieren Ofen,2024-01-01 08:36:00,202.7128002179298,59.53658230718754,119.06854049285948
O1,Verpacken Recycling,2024-01-01 10:36:00,51.20981135783017,0.0,1.5501643349739345
O1,Versand Standard,2024-01-01 11:06:00,97.18856235379513,28.987168879665575,0.6284946651905478
O2,Rohmaterial prüfen,2024-01-01 06:12:00,15.459879622393945,0.0,4.931297537843108
O2,Fräsen Maschine A,2024-01-01 06:42:00,148.87111849756732,40.067528204687925,77.15050362757309
O2,Qualitätskontrolle,2024-01-01 08:42:00,27.278086377374088,1.110922589709866,0.6980128451553944
O2,Lackieren Ofen,2024-01-01 09:12:00,201.87849009172837,59.3993613100812,119.41661250041345
O2,Verpacken Standard,2024-01-01 11:12:00,36.991466938853016,6.852278184508938,7.973005550524132
O2,Versand Express,2024-01-01 11:42:00,244.7114453552205,90.82254491210318,0.0
O3,Rohmaterial prüfen,2024-01-01 06:18:00,21.044317975023777,0.0,0.0
O3,Fräsen Maschine A,2024-01-01 06:48:00,150.98430617934562,40.73846657999541,80.34273656237994
O3,Qualitätskontrolle,2024-01-01 08:48:00,29.421758588058797,0.6988963044107113,0.04295601926514525
O3,Lackieren Ofen,2024-01-01 09:18:00,196.40077895802645,59.53936122904021,122.11424445243783
O3,Verpacken Standard,2024-01-01 11:18:00,41.718091447842305,3.236959844637266,8.648167938789591
O3,Versand Express,2024-01-01 11:48:00,248.07458859791842,89.32307799969404,1.2233525776817358
O4,Rohmaterial prüfen,2024-01-01 06:24:00,25.154997612479754,1.4312801191161986,0.3215649535547229
O4,Fräsen Maschine A,2024-01-01 06:54:00,148.4539381207439,40.33126343140356,81.95109025424472
O4,Qualitätskontrolle,2024-01-01 08:54:00,27.60412881077355,0.8143410233361829,0.7873300519879436
O4,Lackieren Ofen,2024-01-01 09:24:00,194.01896687959663,60.8125258223942,122.71248005714165
O4,Verpacken Standard,2024-01-01 11:24:00,39.63994939209833,6.003532897892024,8.723272050095268
O4,Versand Express,2024-01-01 11:54:00,246.7744012269744,90.36139560550842,3.0760731329319384
O5,Rohmaterial prüfen,2024-01-01 06:30:00,19.820869804450243,2.064643655814006,0.0
O5,Fräsen Maschine B,2024-01-01 07:00:00,184.10951252187613,20.08704706823817,39.401985299068265
O5,Qualitätskontrolle,2024-01-01 08:30:00,30.45880388267751,0.0,2.560656224324976
O5,Lackieren Ofen,2024-01-01 09:00:00,201.78556285755874,61.47789404474152,118.9634595634527
O5,Verpacken Recycling,2024-01-01 11:00:00,45.95753198553406,0.49824295641546346,6.830804235404148
O5,Versand Standard,2024-01-01 11:30:00,101.64375554829843,29.47023979623296,1.0265348662267122
O6,Rohmaterial prüfen,2024-01-01 06:36:00,20.4853877467402,1.4686449905328893,0.5958938122452953
O6,Fräsen Maschine B,2024-01-01 07:06:00,178.36168926701117,19.607891846867844,37.07297010373576
O6,Qualitätskontrolle,2024-01-01 08:36:00,31.48060138532288,1.2610552721798893,3.0102269132849218
O6,Lackieren Ofen,2024-01-01 09:06:00,198.82706433312427,58.58462925794959,119.15870935446928
O6,Verpacken Recycling,2024-01-01 11:06:00,48.286427417366156,0.1977227307783811,4.677428576667982
O6,Versand Standard,2024-01-01 11:36:00,102.02025428407269,31.88618590121053,0.3491556256636779
O7,Rohmaterial prüfen,2024-01-01 06:42:00,21.28775195361382,0.4255540842338328,0.0
O7,Fräsen Maschine B,2024-01-01 07:12:00,179.86743062275391,20.060230209941025,44.92648422497057
O7,Qualitätskontrolle,2024-01-01 08:42:00,29.038195176094387,1.3015473423336124,2.9305764605895135
O7,Lackieren UV-Aushärtung,2024-01-01 09:12:00,154.15660981190234,11.142822814515021,21.503866065373547
O7,Verpacken Recycling,2024-01-01 10:42:00,53.95515973521523,0.09061254520526107,7.805588621872198
O7,Versand Standard,2024-01-01 11:12:00,92.9907446860386,30.58685709380027,4.380911251619957
O8,Rohmaterial prüfen,2024-01-01 06:48:00,15.047318374346558,0.0,2.1993027301752823
O8,Fräsen Maschine A,2024-01-01 07:18:00,147.482621729419,38.449336568933866,80.13712594961206
O8,Qualitätskontrolle,2024-01-01 09:18:00,24.688481431369475,1.4735924306351815,1.1611515315323937
O8,Lackieren Ofen,2024-01-01 09:48:00,207.7496720250877,59.216746707663766,119.35587696758864
O8,Verpacken Standard,2024-01-01 11:48:00,44.06758608684835,3.769135683566045,8.45491986920826
O8,Versand Express,2024-01-01 12:18:00,256.53571377141213,88.39251676543877,0.3692677170646084
O9,Rohmaterial prüfen,2024-01-01 06:54:00,21.299413971242117,1.2818228717773104,0.0
O9,Fräsen Maschine B,2024-01-01 07:24:00,173.39771693457863,20.5219415656169,40.59396934646637
O9,Qualitätskontrolle,2024-01-01 08:54:00,31.252464251729382,1.3464482094969756,1.6399505568430184
O9,Lackieren Ofen,2024-01-01 09:24:00,201.161268485805,60.29307247329868,118.57129716394726
O9,Verpacken Recycling,2024-01-01 11:24:00,59.328872555723784,1.4738329209117875,2.617393005594703
O9,Versand Standard,2024-01-01 11:54:00,103.28276804316914,29.025318329772677,1.574169207484904
O10,Rohmaterial prüfen,2024-01-01 07:00:00,25.79297789503702,0.0,3.9267522584886434
O10,Fräsen Maschine A,2024-01-01 07:30:00,152.0639046346825,40.82206015999449,83.7935859653079
O10,Qualitätskontrolle,2024-01-01 09:30:00,28.773059419985646,0.24626383564251042,1.2209711407489534
O10,Lackieren Ofen,2024-01-01 10:00:00,195.92094857517282,59.9228982905859,120.6823039496333
O10,Verpacken Standard,2024-01-01 12:00:00,41.3834539966501,5.827183249036024,8.026003783755813
O10,Versand Express,2024-01-01 12:30:00,257.2676703857866,89.73534316676205,5.440338333179238
O11,Rohmaterial prüfen,2024-01-01 07:06:00,23.12833673882503,0.0,0.0
O11,Fräsen Maschine A,2024-01-01 07:36:00,152.4123620762159,39.77653721467415,81.42800098818418
O11,Qualitätskontrolle,2024-01-01 09:36:00,32.366188122867726,0.9271710873431273,1.30641256386319
O11,Lackieren Ofen,2024-01-01 10:06:00,192.42576387657067,59.55348504793298,121.71279758864695
O11,Verpacken Standard,2024-01-01 12:06:00,41.07046872065102,3.754261221288012,8.346361851702364
O11,Versand Express,2024-01-01 12:36:00,251.9265868986442,89.11614256379886,0.3074502118910558
O12,Rohmaterial prüfen,2024-01-01 07:12:00,20.29104359223,0.0,2.7155747206965666
O12,Fräsen Maschine B,2024-01-01 07:42:00,182.80392263184117,21.083051243175277,42.10760410406981
O12,Qualitätskontrolle,2024-01-01 09:12:00,23.111653160214544,0.06217496008487722,4.0300705344173195
O12,Lackieren Ofen,2024-01-01 09:42:00,202.56892975456105,60.51504768630605,127.70546298130944
O12,Verpacken Recycling,2024-01-01 11:42:00,52.85445255346583,2.135565640180599,6.908003526986405
O12,Versand Standard,2024-01-01 12:12:00,103.256956256529,29.684730755359656,1.5179384409865349
O13,Rohmaterial prüfen,2024-01-01 07:18:00,16.13587392731214,0.2631813932599911,1.0292729043417932
O13,Fräsen Maschine A,2024-01-01 07:48:00,150.4093706969316,42.31465856667351,76.26546961481651
O13,Qualitätskontrolle,2024-01-01 09:48:00,33.431300951872565,0.0,2.056136268421133
O13,Lackieren Ofen,2024-01-01 10:18:00,205.44475298483684,60.06428001909546,117.84451044414139
O13,Verpacken Standard,2024-01-01 12:18:00,36.42348145370016,5.679597748934675,6.539266736565727
O13,Versand Express,2024-01-01 12:48:00,251.08229294790988,90.04557183990381,0.0
O14,Rohmaterial prüfen,2024-01-01 07:24:00,30.719720446626628,1.1339190223180111,0.0
O14,Fräsen Maschine A,2024-01-01 07:54:00,150.93227157384715,39.33821353523161,81.70486666959245
O14,Qualitätskontrolle,2024-01-01 09:54:00,26.037396307836495,0.885263558533101,4.0099745579609145
O14,Lackieren Ofen,2024-01-01 10:24:00,204.32877597085061,58.799703592944226,119.33099752831811
O14,Verpacken Standard,2024-01-01 12:24:00,37.625273444195216,4.346670767426288,11.530908480562193
O14,Versand Express,2024-01-01 12:54:00,252.02490855480477,88.73911604566496,1.8357238941095522
O15,Rohmaterial prüfen,2024-01-01 07:30:00,30.610780985063165,1.5324652605511468,0.0
O15,Fräsen Maschine B,2024-01-01 08:00:00,177.57882963566874,21.266911149186623,38.584661068762436
O15,Qualitätskontrolle,2024-01-01 09:30:00,32.219097140731144,1.7746340534293368,1.146139056843834
O15,Lackieren Ofen,2024-01-01 10:00:00,199.702373219691,56.75873265993093,117.95122471733141
O15,Verpacken Recycling,2024-01-01 12:00:00,48.7371592430342,0.0,8.26482260786327
O15,Versand Standard,2024-01-01 12:30:00,92.84929311019684,29.559955513303017,0.2614811545721827
O16,Rohmaterial prüfen,2024-01-01 07:36:00,27.206366445330577,0.0,4.326327504309919
O16,Fräsen Maschine B,2024-01-01 08:06:00,180.05116530509792,19.01849134895205,40.92420694852654
O16,Qualitätskontrolle,2024-01-01 09:36:00,30.99529847786735,0.3997831228412053,3.139604169980038
O16,Lackieren Ofen,2024-01-01 10:06:00,198.0734320156912,60.113517345251246,121.32426134904209
O16,Verpacken Recycling,2024-01-01 12:06:00,57.93008408072676,0.0,9.266066749312532
O16,Versand Standard,2024-01-01 12:36:00,90.23956100238749,29.848214904964415,1.176634412969153
O17,Rohmaterial prüfen,2024-01-01 07:42:00,21.404959338675162,0.0,1.5837554992854495
O17,Fräsen Maschine A,2024-01-01 08:12:00,147.53499532670583,39.410635243055786,81.69920419404205
O17,Qualitätskontrolle,2024-01-01 10:12:00,31.785077429825236,0.3070904047393458,4.799199750866501
O17,Lackieren Ofen,2024-01-01 10:42:00,201.53649760438304,60.81286211883896,121.25925768384722
O17,Verpacken Standard,2024-01-01 12:42:00,35.85502494538964,4.439818959803031,9.494587210246523
O17,Versand Express,2024-01-01 13:12:00,253.05185132716733,89.97909840603585,0.234654766617564
O18,Rohmaterial prüfen,2024-01-01 07:48:00,26.388324478942124,0.0,3.094194762340076
O18,Fräsen Maschine B,2024-01-01 08:18:00,178.98903673783053,19.78231879677278,42.19755370397438
O18,Qualitätskontrolle,2024-01-01 09:48:00,34.12708174494015,1.8135096360006386,5.610957614308658
O18,Lackieren Ofen,2024-01-01 10:18:00,200.10501920816378,60.68195297129496,119.37946648681309
O18,Verpacken Recycling,2024-01-01 12:18:00,51.62083176244221,0.8698569456323154,5.193991929985437
O18,Versand Standard,2024-01-01 12:48:00,102.97578512718457,29.181779316766526,4.1847745513709205
O19,Rohmaterial prüfen,2024-01-01 07:54:00,14.96991309250149,0.0,4.316221747000135
O19,Fräsen Maschine B,2024-01-01 08:24:00,183.95831346981467,20.624119817052154,41.25669101852856
O19,Qualitätskontrolle,2024-01-01 09:54:00,29.938766135765427,0.10274562851416846,3.1516091163874527
O19,Lackieren UV-Aushärtung,2024-01-01 10:24:00,156.61419144243945,10.97511973341775,19.705885236995723
O19,Verpacken Recycling,2024-01-01 11:54:00,45.87251401603744,0.6786141583470066,5.825862908551248
O19,Versand Standard,2024-01-01 12:24:00,97.18137723598012,29.177779604433567,0.4873744229838246
O20,Rohmaterial prüfen,2024-01-01 08:00:00,21.224832855543614,0.0,1.0579233887633546
O20,Fräsen Maschine A,2024-01-01 08:30:00,151.16024968678818,38.55191565850268,77.1850724512469
O20,Qualitätskontrolle,2024-01-01 10:30:00,26.40777889373782,0.7865528482881528,3.6218151311960094
O20,Lackieren Ofen,2024-01-01 11:00:00,207.37678108474776,60.85765962320202,119.68012294007315
O20,Verpacken Standard,2024-01-01 13:00:00,39.904918960486555,3.997470635362191,7.96297372801522
O20,Versand Express,2024-01-01 13:30:00,248.5567068053993,90.32271856033809,0.0
O21,Rohmaterial prüfen,2024-01-01 08:06:00,22.596732571205862,2.0327389130025777,1.782479703086285
O21,Fräsen Maschine B,2024-01-01 08:36:00,182.0085586104947,20.690143991711114,39.19755905622833
O21,Qualitätskontrolle,2024-01-01 10:06:00,31.120462409052084,1.0125924007817948,3.1953521970976633
O21,Lackieren UV-Aushärtung,2024-01-01 10:36:00,156.13495108072266,10.024510174258943,20.9959965824909
O21,Verpacken Recycling,2024-01-01 12:06:00,57.25571803897521,1.959270826085207,9.306364915023114
O21,Versand Standard,2024-01-01 12:36:00,96.16326218555976,30.87232063672068,0.3666840114767035
O22,Rohmaterial prüfen,2024-01-01 08:12:00,30.94901466608836,0.0,0.3205563156384479
O22,Fräsen Maschine B,2024-01-01 08:42:00,177.0030367727799,17.876104275690192,38.948489956638475
O22,Qualitätskontrolle,2024-01-01 10:12:00,26.20433669223151,1.1503937864762077,3.683511951554319
O22,Lackieren Ofen,2024-01-01 10:42:00,209.38085419607944,60.95042383818605,118.84619268867519
O22,Verpacken Recycling,2024-01-01 12:42:00,45.50792664325821,1.4919191715065057,2.3595335859587157
O22,Versand Standard,2024-01-01 13:12:00,109.15729382927177,31.17944012072129,0.0
O23,Rohmaterial prüfen,2024-01-01 08:18:00,11.434327354545612,1.8538723741654128,1.7709203094947643
O23,Fräsen Maschine A,2024-01-01 08:48:00,156.1890815598673,38.405572341205634,78.80124995409246
O23,Qualitätskontrolle,2024-01-01 10:48:00,30.026218498590914,1.046980593764742,2.099869057041513
O23,Lackieren Ofen,2024-01-01 11:18:00,203.1142496617375,58.93237957061741,119.71524102995741
O23,Verpacken Standard,2024-01-01 13:18:00,40.601478158559495,5.514438834058749,9.42322975617778
O23,Versand Express,2024-01-01 13:48:00,244.37678954081065,88.46588582926438,2.555353643797018
O24,Rohmaterial prüfen,2024-01-01 08:24:00,21.661570059897958,0.0,5.102303951045046
O24,Fräsen Maschine A,2024-01-01 08:54:00,150.5783731714643,41.17929718406383,80.13503696282022
O24,Qualitätskontrolle,2024-01-01 10:54:00,40.303739624409936,2.7553408424432044,2.502071703041853
O24,Lackieren Ofen,2024-01-01 11:24:00,204.85785475477178,60.645375949585144,122.73726311506469
O24,Verpacken Standard,2024-01-01 13:24:00,35.17538269709948,5.686051459998439,10.116848973699176
O24,Versand Express,2024-01-01 13:54:00,241.20630256788442,88.81674148733423,0.0
O25,Rohmaterial prüfen,2024-01-01 08:30:00,18.652965827777212,1.2175422557959623,5.004714104192056
O25,Fräsen Maschine B,2024-01-01 09:00:00,180.37047390209887,21.628615545571293,37.23979708357022
O25,Qualitätskontrolle,2024-01-01 10:30:00,21.483087803224226,0.9444523011033812,3.7681308978786143
O25,Lackieren UV-Aushärtung,2024-01-01 11:00:00,159.83652625952953,7.932557899960123,19.821759920974422
O25,Verpacken Recycling,2024-01-01 12:30:00,43.47765249747573,1.6696725488300386,5.733196492193697
O25,Versand Standard,2024-01-01 13:00:00,95.30060106836322,29.486133082663308,0.0
O26,Rohmaterial prüfen,2024-01-01 08:36:00,19.68660451363414,1.4551423205012384,0.028547907328912547
O26,Fräsen Maschine A,2024-01-01 09:06:00,152.5202325775892,39.46974238162756,78.4142543354753
O26,Qualitätskontrolle,2024-01-01 11:06:00,29.464848200227213,0.0,1.892701389305636
O26,Lackieren Ofen,2024-01-01 11:36:00,194.01061053705575,61.96472513291639,120.07052710394346
O26,Verpacken Standard,2024-01-01 13:36:00,36.501372460037075,5.213979910734222,7.77534390061834
O26,Versand Express,2024-01-01 14:06:00,248.89515200233387,90.61416670004343,1.5150154200946102
O27,Rohmaterial prüfen,2024-01-01 08:42:00,17.34749426194736,0.0,1.449896605696712
O27,Fräsen Maschine A,2024-01-01 09:12:00,138.49039417632207,38.484808937801446,82.73374853488905
O27,Qualitätskontrolle,2024-01-01 11:12:00,38.22483856750642,0.7509639604436217,4.153113926111533
O27,Lackieren Ofen,2024-01-01 11:42:00,201.55625077271768,63.07888080845524,122.23914982286915
O27,Verpacken Standard,2024-01-01 13:42:00,39.36041204259617,4.0444595593995745,4.787107359484855
O27,Versand Express,2024-01-01 14:12:00,251.01731817933612,89.24364925471569,0.0
O28,Rohmaterial prüfen,2024-01-01 08:48:00,16.767135578787368,0.0,5.3742832701451295
O28,Fräsen Maschine A,2024-01-01 09:18:00,154.40819878474724,39.99202735868338,82.95988827778005
O28,Qualitätskontrolle,2024-01-01 11:18:00,30.38684153823809,0.13871579867173633,6.046248154539315
O28,Lackieren Ofen,2024-01-01 11:48:00,202.6945502184233,58.96275384567355,119.61932264383279
O28,Verpacken Standard,2024-01-01 13:48:00,35.62190873307621,3.617200269035664,9.852355095063283
O28,Versand Express,2024-01-01 14:18:00,259.5470832023507,88.60143242618086,1.1259384733811417
O29,Rohmaterial prüfen,2024-01-01 08:54:00,16.746787154390866,0.012874616235303948,0.8152121515222617
O29,Fräsen Maschine B,2024-01-01 09:24:00,175.68004615160092,20.048521627944826,38.33809976717792
O29,Qualitätskontrolle,2024-01-01 10:54:00,31.352284128899193,0.949761890550863,2.5221039062671804
O29,Lackieren UV-Aushärtung,2024-01-01 11:24:00,155.462181689792,9.423228669431667,21.51078245165151
O29,Verpacken Recycling,2024-01-01 12:54:00,52.504585938121906,0.02244475520144895,5.198664610858452
O29,Versand Standard,2024-01-01 13:24:00,103.75693561685894,28.33059471887863,1.08672038475987
O30,Rohmaterial prüfen,2024-01-01 09:00:00,16.686881205270765,1.0705986685931594,0.4734816869149663
O30,Fräsen Maschine B,2024-01-01 09:30:00,170.9755894966774,18.372457562116836,40.09616989332277
O30,Qualitätskontrolle,2024-01-01 11:00:00,31.29861250860741,0.09568337489559142,4.277184917554748
O30,Lackieren Ofen,2024-01-01 11:30:00,191.6923996886552,59.933920201352684,117.57796760047509
O30,Verpacken Recycling,2024-01-01 13:30:00,46.7408194609892,1.047398671316414,3.2791732694320954
O30,Versand Standard,2024-01-01 14:00:00,98.07722227885087,31.00629280921444,0.0
O31,Rohmaterial prüfen,2024-01-01 09:06:00,24.17846056032571,0.0,3.059608355830566
O31,Fräsen Maschine B,2024-01-01 09:36:00,187.2078431032895,17.52835549987271,38.406209489059044
O31,Qualitätskontrolle,2024-01-01 11:06:00,32.8853606359027,0.7969546139570073,3.7422917467426178
O31,Lackieren UV-Aushärtung,2024-01-01 11:36:00,156.9800740664209,10.0865897874729,19.68864552921584
O31,Verpacken Recycling,2024-01-01 13:06:00,55.838910308299035,1.2544208433012132,5.675205324150404
O31,Versand Standard,2024-01-01 13:36:00,97.94061516938767,29.512393775927507,0.0
O32,Rohmaterial prüfen,2024-01-01 09:12:00,21.972260711891483,0.07901551917973704,2.579549713792826
O32,Fräsen Maschine B,2024-01-01 09:42:00,190.3770039932272,20.871124703431693,39.34795293566432
O32,Qualitätskontrolle,2024-01-01 11:12:00,36.00606961081972,0.5919246269784486,0.0
O32,Lackieren Ofen,2024-01-01 11:42:00,194.95956844541297,58.129208078974145,119.29697303191739
O32,Verpacken Recycling,2024-01-01 13:42:00,50.09209189594776,2.676437312275283,5.653854747528325
O32,Versand Standard,2024-01-01 14:12:00,98.90449735595568,30.82940558118349,0.0
O33,Rohmaterial prüfen,2024-01-01 09:18:00,21.178072790542828,1.2708651938869668,0.0
O33,Fräsen Maschine B,2024-01-01 09:48:00,185.71877021603464,20.338496407494414,39.1694241721984
O33,Qualitätskontrolle,2024-01-01 11:18:00,33.163909330531425,3.270692857804396,3.36373251011699
O33,Lackieren Ofen,2024-01-01 11:48:00,201.24110293150167,59.54063910045976,118.30031126107042
O33,Verpacken Recycling,2024-01-01 13:48:00,54.15167908272123,0.14391617409113278,5.143132474438785
O33,Versand Standard,2024-01-01 14:18:00,97.61171276617442,30.478979825746393,0.6673242105738966
O34,Rohmaterial prüfen,2024-01-01 09:24:00,25.187699721289498,0.0,1.4602501294132575
O34,Fräsen Maschine B,2024-01-01 09:54:00,175.10618142108845,19.555706739923888,40.754600986089706
O34,Qualitätskontrolle,2024-01-01 11:24:00,33.78494308322676,0.07783467582237458,4.73921184021132
O34,Lackieren UV-Aushärtung,2024-01-01 11:54:00,166.77818929402474,10.4134349032237,23.753591625116133
O34,Verpacken Recycling,2024-01-01 13:24:00,46.13105400448214,0.0,1.4425595021914428
O34,Versand Standard,2024-01-01 13:54:00,107.48022155744592,30.65436565635406,0.0
O35,Rohmaterial prüfen,2024-01-01 09:30:00,21.399843131599102,0.0,6.891503959233653
O35,Fräsen Maschine A,2024-01-01 10:00:00,150.64610590987613,40.109394794604896,81.45153324779739
O35,Qualitätskontrolle,2024-01-01 12:00:00,32.40504615868357,1.2238840242791313,1.4190510891093762
O35,Lackieren Ofen,2024-01-01 12:30:00,202.35734178567998,61.88202449647503,122.69084009230995
O35,Verpacken Standard,2024-01-01 14:30:00,47.965933133196984,4.488784323568815,6.020790359482838
O35,Versand Express,2024-01-01 15:00:00,249.37106539950176,90.0557249122887,2.188383036941897
O36,Rohmaterial prüfen,2024-01-01 09:36:00,11.537676851425903,2.029550319460614,1.683984202842021
O36,Fräsen Maschine B,2024-01-01 10:06:00,177.8655946502629,18.98789562473983,36.69028665626846
O36,Qualitätskontrolle,2024-01-01 11:36:00,34.11585291980957,1.0733179671884039,0.42007820051789224
O36,Lackieren Ofen,2024-01-01 12:06:00,193.5246061396819,59.66421530070987,123.33804305057879
O36,Verpacken Recycling,2024-01-01 14:06:00,48.702043243181976,0.0,4.508513871828112
O36,Versand Standard,2024-01-01 14:36:00,98.63638215126164,27.30311335705843,0.0
O37,Rohmaterial prüfen,2024-01-01 09:42:00,18.84532734895661,1.1962063648134182,5.69791218989069
O37,Fräsen Maschine B,2024-01-01 10:12:00,185.6328251477388,19.73111130944517,37.78694818251666
O37,Qualitätskontrolle,2024-01-01 11:42:00,42.8667990162493,1.0592184340144883,3.0278585838258922
O37,Lackieren UV-Aushärtung,2024-01-01 12:12:00,159.87937456445,10.198084760767856,19.711279176152114
O37,Verpacken Recycling,2024-01-01 13:42:00,47.13168996559882,0.45314105875960786,4.934493459568003
O37,Versand Standard,2024-01-01 14:12:00,97.28287614433117,29.287154217322836,0.21286045538379367
O38,Rohmaterial prüfen,2024-01-01 09:48:00,18.725113912895722,2.003992988582689,0.0
O38,Fräsen Maschine B,2024-01-01 10:18:00,185.45753425961232,21.246085192497628,35.8532195351837
O38,Qualitätskontrolle,2024-01-01 11:48:00,28.286562029598258,0.6285591340042085,0.18497661056435755
O38,Lackieren Ofen,2024-01-01 12:18:00,196.11091656204562,58.88942415453417,123.50454088684725
O38,Verpacken Recycling,2024-01-01 14:18:00,54.678391965737305,2.2715550949941585,6.44334412808647
O38,Versand Standard,2024-01-01 14:48:00,94.35474114391386,29.475479733720228,0.9787491224558361
O39,Rohmaterial prüfen,2024-01-01 09:54:00,13.889360955540273,1.2129984301723882,1.51934920368373
O39,Fräsen Maschine B,2024-01-01 10:24:00,178.125895962252,20.71095996820349,40.88852662297208
O39,Qualitätskontrolle,2024-01-01 11:54:00,28.1951691709046,2.159329803364248,0.8378733448002054
O39,Lackieren UV-Aushärtung,2024-01-01 12:24:00,163.07967803472133,10.593101257968383,19.38090712137202
O39,Verpacken Recycling,2024-01-01 13:54:00,51.63066511121059,0.0,6.848054038413802
O39,Versand Standard,2024-01-01 14:24:00,99.07548931778506,29.477276979480962,2.0980184516737785
O40,Rohmaterial prüfen,2024-01-01 10:00:00,16.478281547286205,0.0,0.0
O40,Fräsen Maschine B,2024-01-01 10:30:00,183.0300497567282,18.719570647503716,43.50958836396873
O40,Qualitätskontrolle,2024-01-01 12:00:00,19.59035296058139,2.696456368290038,3.4220349344052368
O40,Lackieren Ofen,2024-01-01 12:30:00,199.51643444064803,59.45508091319105,120.79827222870414
O40,Verpacken Recycling,2024-01-01 14:30:00,49.811826487875756,2.1033018820165212,5.228455297324079
O40,Versand Standard,2024-01-01 15:00:00,100.75150880730939,29.636387787786145,0.0
O41,Rohmaterial prüfen,2024-01-01 10:06:00,21.539008844460295,0.0,0.0
O41,Fräsen Maschine B,2024-01-01 10:36:00,183.71632047011357,20.17086543812794,39.63203332729464
O41,Qualitätskontrolle,2024-01-01 12:06:00,30.092169665326967,1.347581705361671,1.920480639381277
O41,Lackieren Ofen,2024-01-01 12:36:00,196.10847637298843,60.19584525509768,118.04325444476994
O41,Verpacken Recycling,2024-01-01 14:36:00,52.04126377857236,0.0,7.058311274651287
O41,Versand Standard,2024-01-01 15:06:00,102.36298741206521,30.256029734313877,1.9653819678910278
O42,Rohmaterial prüfen,2024-01-01 10:12:00,28.32737222231288,1.5143700650181304,0.0
O42,Fräsen Maschine A,2024-01-01 10:42:00,143.60211516632148,39.37518142230432,80.05218210042166
O42,Qualitätskontrolle,2024-01-01 12:42:00,32.58829510234561,0.2742561868465344,3.3735335289541566
O42,Lackieren Ofen,2024-01-01 13:12:00,196.22308533823337,59.38848219700805,117.18667780630355
O42,Verpacken Standard,2024-01-01 15:12:00,35.38383376944548,3.6483153943836664,6.048253494045334
O42,Versand Express,2024-01-01 15:42:00,255.2682089830392,89.05060111116806,5.264764129674782
O43,Rohmaterial prüfen,2024-01-01 10:18:00,22.466589504404446,0.6848361236948739,0.2832844396375729
O43,Fräsen Maschine A,2024-01-01 10:48:00,153.50154939704495,39.424362173762226,80.24401962929072
O43,Qualitätskontrolle,2024-01-01 12:48:00,42.800422691343975,0.9039401002753501,5.298546652571352
O43,Lackieren Ofen,2024-01-01 13:18:00,196.48411787437055,59.965011509503036,123.54160127127102
O43,Verpacken Standard,2024-01-01 15:18:00,36.86516471106116,6.8124485579969285,9.415503870910952
O43,Versand Express,2024-01-01 15:48:00,247.18766612052866,90.63240773905552,1.9451088992534598
O44,Rohmaterial prüfen,2024-01-01 10:24:00,23.10904981108598,0.0,0.5457256483502628
O44,Fräsen Maschine A,2024-01-01 10:54:00,148.76240682224247,39.92556657089995,81.24134419510136
O44,Qualitätskontrolle,2024-01-01 12:54:00,30.888505004666268,0.0,3.7603957020119263
O44,Lackieren Ofen,2024-01-01 13:24:00,203.0529287264191,60.55979044793104,122.16156145110925
O44,Verpacken Standard,2024-01-01 15:24:00,44.16961077274452,5.459180079228437,7.859668577082706
O44,Versand Express,2024-01-01 15:54:00,241.69519533242004,90.42961821913259,0.4153753743262223
O45,Rohmaterial prüfen,2024-01-01 10:30:00,21.357894185976868,0.0,0.0
O45,Fräsen Maschine A,2024-01-01 11:00:00,155.26576426666452,39.960444846143346,81.36300139474525
O45,Qualitätskontrolle,2024-01-01 13:00:00,30.141591880652307,1.0297561394957453,4.876567611951995
O45,Lackieren Ofen,2024-01-01 13:30:00,197.41977635891314,60.096120776940985,119.07544942258991
O45,Verpacken Standard,2024-01-01 15:30:00,37.827518862838424,4.690827876531361,8.444267543267426
O45,Versand Express,2024-01-01 16:00:00,247.60625689168262,91.25575612557353,0.0
O46,Rohmaterial prüfen,2024-01-01 10:36:00,19.065641779193204,0.06026894172582509,4.893955768707466
O46,Fräsen Maschine A,2024-01-01 11:06:00,150.98277388255786,41.031844539468636,77.02887925392605
O46,Qualitätskontrolle,2024-01-01 13:06:00,31.335251329346296,1.889630795623437,3.1645679785508483
O46,Lackieren Ofen,2024-01-01 13:36:00,205.32740187532676,59.482711549899626,122.81869488037115
O46,Verpacken Standard,2024-01-01 15:36:00,51.49449061809625,4.637161439560341,7.1089949571984565
O46,Versand Express,2024-01-01 16:06:00,257.2669223855885,91.57957214573071,0.0
O47,Rohmaterial prüfen,2024-01-01 10:42:00,17.899065914520712,0.2182153911394928,0.0
O47,Fräsen Maschine A,2024-01-01 11:12:00,145.406740267579,38.995859233247934,78.46440486979175
O47,Qualitätskontrolle,2024-01-01 13:12:00,29.826575563066093,1.2342147325365207,6.101000985628154
O47,Lackieren Ofen,2024-01-01 13:42:00,195.00822979630604,60.984322398476586,119.57202231154898
O47,Verpacken Standard,2024-01-01 15:42:00,39.752681451737836,5.674819492166604,5.754555956875403
O47,Versand Express,2024-01-01 16:12:00,251.91204873092025,90.16645220821306,0.9849025280162982
O48,Rohmaterial prüfen,2024-01-01 10:48:00,21.44584321953909,2.9553001399108942,0.7245200314973681
O48,Fräsen Maschine A,2024-01-01 11:18:00,147.3450152249909,39.37685947357524,78.8890457616795
O48,Qualitätskontrolle,2024-01-01 13:18:00,26.81306436346741,2.189016531107552,5.841008495979709
O48,Lackieren Ofen,2024-01-01 13:48:00,197.14626853125262,59.16764442689577,120.94283111277281
O48,Verpacken Standard,2024-01-01 15:48:00,37.23888477859514,5.6329318177555106,8.405846041702599
O48,Versand Express,2024-01-01 16:18:00,242.42127942501384,91.54750520133007,3.5917553461910434
O49,Rohmaterial prüfen,2024-01-01 10:54:00,16.93605654757807,0.11229844006401585,2.57173078144981
O49,Fräsen Maschine B,2024-01-01 11:24:00,181.67228394993512,20.65854427267283,44.0204090775327
O49,Qualitätskontrolle,2024-01-01 12:54:00,29.11526386252975,0.20170275546154626,0.24136154397094556
O49,Lackieren Ofen,2024-01-01 13:24:00,196.3453498002904,59.966873027126205,123.58911572703558
O49,Verpacken Recycling,2024-01-01 15:24:00,47.41194350481914,1.2237879516388985,4.967154207854496
O49,Versand Standard,2024-01-01 15:54:00,105.94196636724043,32.526932425873625,0.0
O50,Rohmaterial prüfen,2024-01-01 11:00:00,17.55280278740889,1.544160877069072,3.3637829792526226
O50,Fräsen Maschine A,2024-01-01 11:30:00,159.23353662868016,40.583928185325966,79.28141581842588
O50,Qualitätskontrolle,2024-01-01 13:30:00,32.95327415346155,2.1087035805829077,4.640964362394728
O50,Lackieren Ofen,2024-01-01 14:00:00,202.5363701555365,61.066674689589156,122.33859118089134
O50,Verpacken Standard,2024-01-01 16:00:00,46.91079495518763,5.648709887589643,7.665763839366291
O50,Versand Express,2024-01-01 16:30:00,250.7335684321666,91.20650896650835,0.0
O51,Rohmaterial prüfen,2024-01-01 11:06:00,21.843366544364507,0.10666118767263932,2.057489645869635
O51,Fräsen Maschine A,2024-01-01 11:36:00,156.3922593130365,40.1910990680199,80.0928730963123
O51,Qualitätskontrolle,2024-01-01 13:36:00,23.200719295100406,1.7462535660272207,4.29096836228215
O51,Lackieren Ofen,2024-01-01 14:06:00,210.8162736165273,59.692221765047,120.43830065532788
O51,Verpacken Standard,2024-01-01 16:06:00,41.246918418553776,6.577453279763475,7.809408935226096
O51,Versand Express,2024-01-01 16:36:00,251.3951076288517,90.60789650971654,0.3732182463127162
O52,Rohmaterial prüfen,2024-01-01 11:12:00,17.767831927247357,0.6940899928983075,4.1472634997195446
O52,Fräsen Maschine A,2024-01-01 11:42:00,144.8674235029447,40.13296967414688,78.59975837012165
O52,Qualitätskontrolle,2024-01-01 13:42:00,35.97523314462421,0.0,1.8821563054568233
O52,Lackieren Ofen,2024-01-01 14:12:00,201.88605937532262,61.56552402923434,119.86849947785403
O52,Verpacken Standard,2024-01-01 16:12:00,37.22400236653401,6.88115706944059,5.1039721991675115
O52,Versand Express,2024-01-01 16:42:00,239.00597021689958,90.44001445005333,0.0
O53,Rohmaterial prüfen,2024-01-01 11:18:00,14.893835914346434,1.2083564472993533,2.4876014275423977
O53,Fräsen Maschine A,2024-01-01 11:48:00,147.17960684631635,38.71969560132911,81.74491465656028
O53,Qualitätskontrolle,2024-01-01 13:48:00,33.251005889793305,0.9008241362206171,6.693273992095332
O53,Lackieren Ofen,2024-01-01 14:18:00,194.64957616836924,58.47447482907526,118.61618386023751
O53,Verpacken Standard,2024-01-01 16:18:00,39.77206991822251,5.243339449322692,7.5175278842873405
O53,Versand Express,2024-01-01 16:48:00,251.7602769825715,88.74846057580956,2.887529208146519
O54,Rohmaterial prüfen,2024-01-01 11:24:00,19.589244108037157,1.6172958315881276,2.685450692755408
O54,Fräsen Maschine B,2024-01-01 11:54:00,182.28376609576893,20.569767280232202,40.89541712003463
O54,Qualitätskontrolle,2024-01-01 13:24:00,33.21361379933772,2.3291525301324314,3.3930423394029403
O54,Lackieren UV-Aushärtung,2024-01-01 13:54:00,163.54501878794255,9.910264305712774,22.880234430898945
O54,Verpacken Recycling,2024-01-01 15:24:00,46.61803848970365,2.8009404329108154,4.919684098711313
O54,Versand Standard,2024-01-01 15:54:00,92.84612448940976,30.12810441491079,0.0
O55,Rohmaterial prüfen,2024-01-01 11:30:00,24.203217744943622,0.0,1.1076331335704406
O55,Fräsen Maschine B,2024-01-01 12:00:00,170.55229634527234,19.547693680750925,35.15224134674209
O55,Qualitätskontrolle,2024-01-01 13:30:00,22.080485882571384,1.7604146561442975,4.571600317301664
O55,Lackieren Ofen,2024-01-01 14:00:00,202.12728780892482,59.033023856870784,119.90457728771604
O55,Verpacken Recycling,2024-01-01 16:00:00,49.98198730454716,0.0,8.006796603534301
O55,Versand Standard,2024-01-01 16:30:00,104.38681145287836,29.779035826170336,0.05377167798906156
O56,Rohmaterial prüfen,2024-01-01 11:36:00,21.04191403973776,0.0,1.505645234958806
O56,Fräsen Maschine B,2024-01-01 12:06:00,176.590078760011,18.998379990105086,39.43779941422809
O56,Qualitätskontrolle,2024-01-01 13:36:00,38.988432634247616,1.6408428612670098,1.8576420204344064
O56,Lackieren Ofen,2024-01-01 14:06:00,202.8629139067808,61.399355436586,121.84926736582554
O56,Verpacken Recycling,2024-01-01 16:06:00,50.29815184960087,0.3530632222944261,6.39644662722718
O56,Versand Standard,2024-01-01 16:36:00,101.96742692710875,30.895193220027732,1.270343603363939
O57,Rohmaterial prüfen,2024-01-01 11:42:00,25.247763576596675,0.0,4.634788131268651
O57,Fräsen Maschine A,2024-01-01 12:12:00,150.987998023462,42.075260872625265,78.62162436382087
O57,Qualitätskontrolle,2024-01-01 14:12:00,38.67981901582625,1.197910783462648,1.6971639927711033
O57,Lackieren Ofen,2024-01-01 14:42:00,197.5805708297284,59.67965269180568,120.84833189280383
O57,Verpacken Standard,2024-01-01 16:42:00,42.6141774401775,4.426299996061421,7.951290815478035
O57,Versand Express,2024-01-01 17:12:00,260.7113517930593,91.72754317010072,0.8726473393480642
O58,Rohmaterial prüfen,2024-01-01 11:48:00,20.190017390841,0.6200313267182613,3.227035945460833
O58,Fräsen Maschine B,2024-01-01 12:18:00,174.88603717400798,19.742623462576656,36.66283185224482
O58,Qualitätskontrolle,2024-01-01 13:48:00,31.996115613026397,1.647195939702741,2.033627075401252
O58,Lackieren Ofen,2024-01-01 14:18:00,207.86993381645016,58.77423433699766,117.07125023958037
O58,Verpacken Recycling,2024-01-01 16:18:00,51.12225909279986,2.0470983026121545,8.367855382915737
O58,Versand Standard,2024-01-01 16:48:00,97.7055786856553,31.078680833431296,0.0
O59,Rohmaterial prüfen,2024-01-01 11:54:00,19.136863500295902,1.3836599374866725,3.3046457568268393
O59,Fräsen Maschine A,2024-01-01 12:24:00,142.11803921507874,41.476540349725894,82.7601827082949
O59,Qualitätskontrolle,2024-01-01 14:24:00,26.872186492452354,1.395803533437409,3.9880603725654775
O59,Lackieren Ofen,2024-01-01 14:54:00,201.30336882911953,59.44969484615458,118.65675326412389
O59,Verpacken Standard,2024-01-01 16:54:00,39.87222964504277,6.172729019259364,9.087200309188864
O59,Versand Express,2024-01-01 17:24:00,248.14692833956946,90.77169871064835,0.0
O60,Rohmaterial prüfen,2024-01-01 12:00:00,25.743828501860516,0.0,1.2751181171937356
O60,Fräsen Maschine A,2024-01-01 12:30:00,144.40165052686928,38.70531852427909,82.32165357475704
O60,Qualitätskontrolle,2024-01-01 14:30:00,27.661493993440544,1.3465038817307158,2.906158842241632
O60,Lackieren Ofen,2024-01-01 15:00:00,202.38520413611562,60.076821891060256,117.43401555162286
O60,Verpacken Standard,2024-01-01 17:00:00,44.9813340972357,4.506243416838688,4.886836202680498
O60,Versand Express,2024-01-01 17:30:00,247.85942419517045,91.5007597906343,1.7004434842269858
O61,Rohmaterial prüfen,2024-01-01 12:06:00,18.256739327960705,0.15074229568157121,1.3567298975652347
O61,Fräsen Maschine B,2024-01-01 12:36:00,190.3837399178042,20.381935452231552,40.860083294382136
O61,Qualitätskontrolle,2024-01-01 14:06:00,35.151417270159214,1.2387891590265134,2.481915708358594
O61,Lackieren UV-Aushärtung,2024-01-01 14:36:00,159.01825075457512,9.928398740585935,19.925555526980318
O61,Verpacken Recycling,2024-01-01 16:06:00,53.6381477181849,1.0519458858072994,6.465280154431158
O61,Versand Standard,2024-01-01 16:36:00,99.59641709945708,30.078635190316092,0.0
O62,Rohmaterial prüfen,2024-01-01 12:12:00,24.58163837351241,0.8464884758979927,3.9960202197193047
O62,Fräsen Maschine B,2024-01-01 12:42:00,165.51872310903155,22.088374704780726,39.72082074368965
O62,Qualitätskontrolle,2024-01-01 14:12:00,35.54091408368758,0.0,4.225547810125139
O62,Lackieren Ofen,2024-01-01 14:42:00,194.73292218413172,59.376231039304194,123.82806270773358
O62,Verpacken Recycling,2024-01-01 16:42:00,49.04658799618327,1.2174328731797228,6.740135461377508
O62,Versand Standard,2024-01-01 17:12:00,102.47840943986303,30.150418905143578,0.7299220049324509
O63,Rohmaterial prüfen,2024-01-01 12:18:00,32.01707792619138,0.4423812029664146,2.402198093429935
O63,Fräsen Maschine B,2024-01-01 12:48:00,185.25327198003805,21.105525932957985,42.37406061112076
O63,Qualitätskontrolle,2024-01-01 14:18:00,33.19365111014592,0.0,6.266863064602192
O63,Lackieren Ofen,2024-01-01 14:48:00,194.26827303490657,60.302635465239035,118.49144829996128
O63,Verpacken Recycling,2024-01-01 16:48:00,49.67930826703504,1.3287624103034803,5.642714430900546
O63,Versand Standard,2024-01-01 17:18:00,102.10960377117642,31.613711269058648,0.9070686030279597
O64,Rohmaterial prüfen,2024-01-01 12:24:00,18.779216823546758,1.4640871682883572,4.378940977849281
O64,Fräsen Maschine B,2024-01-01 12:54:00,173.86196092431504,20.597400069849858,41.4023454846218
O64,Qualitätskontrolle,2024-01-01 14:24:00,28.51218248320004,2.3757068133116195,2.6998888259349467
O64,Lackieren Ofen,2024-01-01 14:54:00,200.6278822673577,59.826928175716134,120.03115809516294
O64,Verpacken Recycling,2024-01-01 16:54:00,44.51862456552399,0.0,8.189010126449944
O64,Versand Standard,2024-01-01 17:24:00,95.76519325840836,29.00860765054369,0.0
O65,Rohmaterial prüfen,2024-01-01 12:30:00,16.805191261552487,0.0,5.284030320272738
O65,Fräsen Maschine B,2024-01-01 13:00:00,185.04908544671318,19.311849654822275,44.50487161068862
O65,Qualitätskontrolle,2024-01-01 14:30:00,34.90882743495797,0.6751686164913775,0.0
O65,Lackieren UV-Aushärtung,2024-01-01 15:00:00,171.4547128629537,8.610427533236404,16.709202506086218
O65,Verpacken Recycling,2024-01-01 16:30:00,55.1128521600482,3.439752406339273,7.768545637021036
O65,Versand Standard,2024-01-01 17:00:00,102.8195456002618,30.594754341665286,1.7068311175606155
O66,Rohmaterial prüfen,2024-01-01 12:36:00,23.794642948933827,0.7811914239693758,2.208402207903752
O66,Fräsen Maschine B,2024-01-01 13:06:00,179.6870343605024,19.246035411133324,39.43864984626645
O66,Qualitätskontrolle,2024-01-01 14:36:00,21.535215929023074,0.9016603732052502,1.022817785698165
O66,Lackieren UV-Aushärtung,2024-01-01 15:06:00,154.48205341392114,10.179894151153478,22.7840045726892
O66,Verpacken Recycling,2024-01-01 16:36:00,54.59158303001156,0.0,3.020743726859325
O66,Versand Standard,2024-01-01 17:06:00,104.70385593994108,29.01751260646169,0.0
O67,Rohmaterial prüfen,2024-01-01 12:42:00,22.75026049512276,0.0,2.2107510122919196
O67,Fräsen Maschine A,2024-01-01 13:12:00,143.32987252540897,39.398632356048786,80.63956386828508
O67,Qualitätskontrolle,2024-01-01 15:12:00,22.035031332341653,1.440474737960399,2.9607244021466377
O67,Lackieren Ofen,2024-01-01 15:42:00,202.76244977208574,60.223914134064664,122.72828085994769
O67,Verpacken Standard,2024-01-01 17:42:00,40.62612251323954,4.570594458874747,8.244595006064568
O67,Versand Express,2024-01-01 18:12:00,252.71649014518195,90.0488600703257,0.08118338240776476
O68,Rohmaterial prüfen,2024-01-01 12:48:00,16.490041560966223,0.0,0.0
O68,Fräsen Maschine A,2024-01-01 13:18:00,158.7478837159347,38.75613676460871,78.61418960440818
O68,Qualitätskontrolle,2024-01-01 15:18:00,26.40796367215401,1.8949243769444413,2.4101006434159444
O68,Lackieren Ofen,2024-01-01 15:48:00,206.23871036336868,59.32650937575613,120.5579883244476
O68,Verpacken Standard,2024-01-01 17:48:00,35.823264733701215,7.145149127773388,5.624803161940974
O68,Versand Express,2024-01-01 18:18:00,251.54910355113515,90.6337768809321,0.8275981949029965
O69,Rohmaterial prüfen,2024-01-01 12:54:00,19.073561705611457,0.37017930026657386,2.0876229439582192
O69,Fräsen Maschine A,2024-01-01 13:24:00,149.26498999185756,40.96387911679491,84.42104600318271
O69,Qualitätskontrolle,2024-01-01 15:24:00,27.212541074960832,0.0,2.8234359032974905
O69,Lackieren Ofen,2024-01-01 15:54:00,212.89854668827158,59.19632543203027,123.27823361088814
O69,Verpacken Standard,2024-01-01 17:54:00,48.388504070382204,4.4464117582920055,9.137966158370551
O69,Versand Express,2024-01-01 18:24:00,258.1419831156427,89.62087225901251,0.0
O70,Rohmaterial prüfen,2024-01-01 13:00:00,17.09159543025678,0.0,0.7014449098679858
O70,Fräsen Maschine A,2024-01-01 13:30:00,143.8802986661887,40.034083468259226,78.46005353788271
O70,Qualitätskontrolle,2024-01-01 15:30:00,31.16892955895374,0.0,3.661760464428914
O70,Lackieren Ofen,2024-01-01 16:00:00,204.16764480804463,58.00626435742854,120.74811313969515
O70,Verpacken Standard,2024-01-01 18:00:00,46.13834496236646,3.7903589813087946,11.345144773675408
O70,Versand Express,2024-01-01 18:30:00,252.09509504683024,89.29498814424159,0.0
O71,Rohmaterial prüfen,2024-01-01 13:06:00,22.79163456260861,0.5760053914124115,3.0775119848927384
O71,Fräsen Maschine A,2024-01-01 13:36:00,145.39663203460316,40.169360824036076,77.17257100619004
O71,Qualitätskontrolle,2024-01-01 15:36:00,29.4438696932565,0.09609235853521025,1.5289401148204669
O71,Lackieren Ofen,2024-01-01 16:06:00,206.18046587605218,61.09131012059427,121.21827624181435
O71,Verpacken Standard,2024-01-01 18:06:00,34.538436176637106,4.683591550305198,10.426195399958367
O71,Versand Express,2024-01-01 18:36:00,250.7085845681995,92.3193295399817,0.7866356787887437
O72,Rohmaterial prüfen,2024-01-01 13:12:00,20.960245582450156,0.19088353579749862,2.267081809564565
O72,Fräsen Maschine B,2024-01-01 13:42:00,179.23765081809728,20.70810867668859,41.91340463358917
O72,Qualitätskontrolle,2024-01-01 15:12:00,26.070052697460252,0.0,0.0
O72,Lackieren UV-Aushärtung,2024-01-01 15:42:00,162.5399566345627,8.896633393826127,15.694218814095034
O72,Verpacken Recycling,2024-01-01 17:12:00,51.94289302265482,3.4929995174327906,4.987858176920214
O72,Versand Standard,2024-01-01 17:42:00,104.19245387225821,30.081829358547566,0.0
O73,Rohmaterial prüfen,2024-01-01 13:18:00,24.595382414938843,0.20972545581134866,2.534784628143806
O73,Fräsen Maschine B,2024-01-01 13:48:00,181.60848903098008,19.33190954635695,41.984084699073044
O73,Qualitätskontrolle,2024-01-01 15:18:00,29.125201216522957,0.2442548405071553,4.073019687140807
O73,Lackieren UV-Aushärtung,2024-01-01 15:48:00,155.5076600910448,10.028181157369128,19.981762006711595
O73,Verpacken Recycling,2024-01-01 17:18:00,55.42947782915789,1.4746982328799527,4.949946082509713
O73,Versand Standard,2024-01-01 17:48:00,104.08883149600143,31.390207549017312,1.1156206127037245
O74,Rohmaterial prüfen,2024-01-01 13:24:00,20.051763099216902,0.0,0.0
O74,Fräsen Maschine A,2024-01-01 13:54:00,148.47387647822666,39.39048779784072,79.6260573940291
O74,Qualitätskontrolle,2024-01-01 15:54:00,30.283249624485535,1.5296927543567307,2.859002443881818
O74,Lackieren Ofen,2024-01-01 16:24:00,202.43250821913102,60.06447441481012,116.04906686729225
O74,Verpacken Standard,2024-01-01 18:24:00,35.30332303090623,4.855912444278385,5.580610514317785
O74,Versand Express,2024-01-01 18:54:00,252.999643649981,91.5307508323437,2.4375237033946333
O75,Rohmaterial prüfen,2024-01-01 13:30:00,18.93278564534896,1.990726136849952,2.297334914404223
O75,Fräsen Maschine B,2024-01-01 14:00:00,178.3145701444098,19.38659733645906,39.395060627023746
O75,Qualitätskontrolle,2024-01-01 15:30:00,28.059115907293858,1.1704162223754877,3.321147962099729
O75,Lackieren Ofen,2024-01-01 16:00:00,200.01523010076707,60.43693816974635,122.38129254957268
O75,Verpacken Recycling,2024-01-01 18:00:00,54.74777067720662,0.0,0.0
O75,Versand Standard,2024-01-01 18:30:00,104.67159955619637,28.63312130158458,0.0
O76,Rohmaterial prüfen,2024-01-01 13:36:00,14.149434869703203,0.0,3.0829254564095763
O76,Fräsen Maschine A,2024-01-01 14:06:00,153.79577580151323,39.42348959927328,74.81791541571017
O76,Qualitätskontrolle,2024-01-01 16:06:00,27.268777758737585,1.3918040054025465,0.04217686245174246
O76,Lackieren Ofen,2024-01-01 16:36:00,200.91679959889578,59.98469015082701,121.15858299920218
O76,Verpacken Standard,2024-01-01 18:36:00,40.59790184207077,4.026931059118445,10.393143003328984
O76,Versand Express,2024-01-01 19:06:00,249.20735213486515,89.97269546049007,0.0
O77,Rohmaterial prüfen,2024-01-01 13:42:00,17.783588744042447,0.0,1.6541078801531541
O77,Fräsen Maschine B,2024-01-01 14:12:00,188.55854240071173,18.628098857068643,36.77287720424652
O77,Qualitätskontrolle,2024-01-01 15:42:00,37.35585163746804,0.7906763228481339,1.6618545226801669
O77,Lackieren UV-Aushärtung,2024-01-01 16:12:00,165.19952343698037,9.394384460263137,23.652019427093872
O77,Verpacken Recycling,2024-01-01 17:42:00,53.38962935669635,0.5120885918542973,9.314616426531007
O77,Versand Standard,2024-01-01 18:12:00,96.9714253849833,30.742095372009306,0.5985851608129839
O78,Rohmaterial prüfen,2024-01-01 13:48:00,26.50870644699399,2.061511196726853,2.064008298131533
O78,Fräsen Maschine B,2024-01-01 14:18:00,176.23291064826907,20.459972142939115,38.644569260495786
O78,Qualitätskontrolle,2024-01-01 15:48:00,40.066936237633115,1.1365353310827375,2.2693568973757827
O78,Lackieren Ofen,2024-01-01 16:18:00,200.92340152932454,58.6528737104703,118.0567719229787
O78,Verpacken Recycling,2024-01-01 18:18:00,56.00206953972213,0.34310572102860426,2.906178034636121
O78,Versand Standard,2024-01-01 18:48:00,102.68326376263643,31.185704154662997,1.4379066213301335
O79,Rohmaterial prüfen,2024-01-01 13:54:00,24.980238429029082,0.0,0.0
O79,Fräsen Maschine A,2024-01-01 14:24:00,157.50666825977743,39.677320161157866,79.4983339670899
O79,Qualitätskontrolle,2024-01-01 16:24:00,36.64097070924529,1.55623000940066,3.9117755441632154
O79,Lackieren Ofen,2024-01-01 16:54:00,210.82501172450543,59.356481769619855,121.85568025616247
O79,Verpacken Standard,2024-01-01 18:54:00,40.28506562448542,5.268592278863257,11.056936852825064
O79,Versand Express,2024-01-01 19:24:00,252.53917878144813,90.53829607904963,2.1450146746196044
O80,Rohmaterial prüfen,2024-01-01 14:00:00,18.175236352285573,0.0,0.0
O80,Fräsen Maschine A,2024-01-01 14:30:00,140.16821705312,42.05620712994032,77.79358326855663
O80,Qualitätskontrolle,2024-01-01 16:30:00,28.89373188207114,0.7231867001110793,3.6148133956182016
O80,Lackieren Ofen,2024-01-01 17:00:00,204.07868606269648,60.860473488359744,118.83384512286213
O80,Verpacken Standard,2024-01-01 19:00:00,39.16439143106794,5.2825799504883,7.502617747632906
O80,Versand Express,2024-01-01 19:30:00,258.0367278801,90.49097495163825,1.469755572099635
O81,Rohmaterial prüfen,2024-01-01 14:06:00,23.314406343337062,1.673473857485325,2.362043117407414
O81,Fräsen Maschine B,2024-01-01 14:36:00,173.51584026022076,20.399687951752643,38.697286212416344
O81,Qualitätskontrolle,2024-01-01 16:06:00,27.356916591251217,1.5863640187550931,5.476566142867272
O81,Lackieren Ofen,2024-01-01 16:36:00,200.10635788368032,60.30883301259897,123.40442988927047
O81,Verpacken Recycling,2024-01-01 18:36:00,51.20376589744284,3.601683114180395,6.1310192912630885
O81,Versand Standard,2024-01-01 19:06:00,91.19618620422091,30.753341621104532,0.7623167697655555
O82,Rohmaterial prüfen,2024-01-01 14:12:00,26.448763770413727,1.1731813512699585,1.7230880320324524
O82,Fräsen Maschine A,2024-01-01 14:42:00,143.87850881855317,39.79097674271397,78.2989590915814
O82,Qualitätskontrolle,2024-01-01 16:42:00,27.097382750976386,1.5885784044206095,6.3398090087028125
O82,Lackieren Ofen,2024-01-01 17:12:00,201.97335764911492,58.804116937964814,120.88920533644028
O82,Verpacken Standard,2024-01-01 19:12:00,45.98315743322826,4.390217095680618,7.7319656666541645
O82,Versand Express,2024-01-01 19:42:00,250.07344097364597,89.21510168691776,1.296560867687718
O83,Rohmaterial prüfen,2024-01-01 14:18:00,19.395259256961094,0.9195324439070278,0.2250156443957998
O83,Fräsen Maschine B,2024-01-01 14:48:00,177.81270849838296,20.72238135782777,39.25433369581646
O83,Qualitätskontrolle,2024-01-01 16:18:00,38.63481925616703,0.6003638143853977,3.449369451503772
O83,Lackieren Ofen,2024-01-01 16:48:00,204.66295415936546,58.58163426706697,116.47838237603845
O83,Verpacken Recycling,2024-01-01 18:48:00,42.371718427149524,2.262584103427182,3.8962837082151065
O83,Versand Standard,2024-01-01 19:18:00,112.79099642834126,29.43575240134261,0.36910260639407394
O84,Rohmaterial prüfen,2024-01-01 14:24:00,27.710549762839378,2.506092888159123,6.123007153272796
O84,Fräsen Maschine B,2024-01-01 14:54:00,186.0418311529657,21.024062525811463,41.185053898402366
O84,Qualitätskontrolle,2024-01-01 16:24:00,33.89180538083319,0.4488142836714666,1.3636022331553856
O84,Lackieren UV-Aushärtung,2024-01-01 16:54:00,159.98312771294525,9.829815377475072,19.09354390134545
O84,Verpacken Recycling,2024-01-01 18:24:00,53.481937237283574,1.9553052085705107,5.176813772583695
O84,Versand Standard,2024-01-01 18:54:00,107.3876504052763,28.858310885866494,0.0
O85,Rohmaterial prüfen,2024-01-01 14:30:00,16.415888396985977,0.0,1.8346386283146014
O85,Fräsen Maschine A,2024-01-01 15:00:00,149.3912624580836,41.513449743242134,81.26162336910956
O85,Qualitätskontrolle,2024-01-01 17:00:00,24.879065878353977,2.854092566334188,5.442067391050706
O85,Lackieren Ofen,2024-01-01 17:30:00,202.91048851734308,59.77351590115017,118.08112152655303
O85,Verpacken Standard,2024-01-01 19:30:00,38.138966119644735,6.088748619704186,11.769172611869218
O85,Versand Express,2024-01-01 20:00:00,257.71621764136097,89.51115057821373,0.0
O86,Rohmaterial prüfen,2024-01-01 14:36:00,20.70443123455602,0.0,2.646335428369563
O86,Fräsen Maschine A,2024-01-01 15:06:00,149.26198706850667,39.533963498131754,76.81059386546642
O86,Qualitätskontrolle,2024-01-01 17:06:00,32.568000532848586,0.4672991603380886,0.6601663285794239
O86,Lackieren Ofen,2024-01-01 17:36:00,185.63868893359177,59.97248509494936,123.5445031933395
O86,Verpacken Standard,2024-01-01 19:36:00,48.30629607273935,4.542903743413728,6.795575879276439
O86,Versand Express,2024-01-01 20:06:00,252.3438712803751,89.0016145608117,0.6035837996389319
O87,Rohmaterial prüfen,2024-01-01 14:42:00,23.830401391923452,1.7269332238843076,1.7996918470400944
O87,Fräsen Maschine B,2024-01-01 15:12:00,178.98163124911517,19.122017413243437,38.34623929192028
O87,Qualitätskontrolle,2024-01-01 16:42:00,28.867605540492367,1.367365506816178,4.827169252466499
O87,Lackieren UV-Aushärtung,2024-01-01 17:12:00,155.9841052465983,11.492688568959522,19.457752797914864
O87,Verpacken Recycling,2024-01-01 18:42:00,49.89316352825782,0.2527883208521766,0.1515194794541168
O87,Versand Standard,2024-01-01 19:12:00,104.42022698180524,30.736843897092434,0.0
O88,Rohmaterial prüfen,2024-01-01 14:48:00,20.33495358612436,1.0159392177040996,0.0
O88,Fräsen Maschine B,2024-01-01 15:18:00,177.35473661326853,20.794264679621826,37.4914211536615
O88,Qualitätskontrolle,2024-01-01 16:48:00,31.467789660833148,0.0,3.9328599648670526
O88,Lackieren Ofen,2024-01-01 17:18:00,199.82179258851258,58.38486818409449,122.32947870891434
O88,Verpacken Recycling,2024-01-01 19:18:00,46.32704211600976,0.189747562985619,5.401138394461886
O88,Versand Standard,2024-01-01 19:48:00,105.74318674714358,28.984178181021605,0.1233596996959433
O89,Rohmaterial prüfen,2024-01-01 14:54:00,22.144082501652864,1.193105607263144,2.3528831105544503
O89,Fräsen Maschine A,2024-01-01 15:24:00,148.16486080458338,39.17240977935128,80.17228776609275
O89,Qualitätskontrolle,2024-01-01 17:24:00,24.639304940071966,0.0,3.873119608315336
O89,Lackieren Ofen,2024-01-01 17:54:00,204.519674205431,57.637067564458164,117.98053859058012
O89,Verpacken Standard,2024-01-01 19:54:00,43.09577130502599,7.057495469711698,8.041587415350817
O89,Versand Express,2024-01-01 20:24:00,246.35998529385432,89.81710355889516,2.7497528382963696
O90,Rohmaterial prüfen,2024-01-01 15:00:00,16.770179104377323,0.0,1.0345129556359351
O90,Fräsen Maschine A,2024-01-01 15:30:00,145.23335695870645,40.122670315994796,83.24935691693912
O90,Qualitätskontrolle,2024-01-01 17:30:00,31.615396365580146,0.7476464978737124,2.416377462168912
O90,Lackieren Ofen,2024-01-01 18:00:00,192.1840459565167,60.88310977714716,119.84432560597439
O90,Verpacken Standard,2024-01-01 20:00:00,39.097600432046875,8.19310756784486,8.597505816731372
O90,Versand Express,2024-01-01 20:30:00,246.24104474952406,89.57364240379445,2.2968914183935096
O91,Rohmaterial prüfen,2024-01-01 15:06:00,20.56635205268882,0.0,3.8384578691504068
O91,Fräsen Maschine A,2024-01-01 15:36:00,146.65927957230502,41.87329777621755,82.1600961314293
O91,Qualitätskontrolle,2024-01-01 17:36:00,27.763390521706246,2.281016361735113,3.1357110210548065
O91,Lackieren Ofen,2024-01-01 18:06:00,204.2638683756111,60.48473281729447,118.30728669001826
O91,Verpacken Standard,2024-01-01 20:06:00,36.78225083841269,6.029960817581161,7.330449335786918
O91,Versand Express,2024-01-01 20:36:00,247.98175768379002,89.04487742065065,0.8471981311869221
O92,Rohmaterial prüfen,2024-01-01 15:12:00,30.312624596215727,0.0,2.048438913345516
O92,Fräsen Maschine B,2024-01-01 15:42:00,187.06110277707714,19.920358608754285,40.904743592499464
O92,Qualitätskontrolle,2024-01-01 17:12:00,24.688032359265602,1.4283070972076486,2.6257114699909025
O92,Lackieren Ofen,2024-01-01 17:42:00,204.9286499783993,61.18738605156475,125.17912728403722
O92,Verpacken Recycling,2024-01-01 19:42:00,52.89816586606788,1.3257963165821665,5.388768603154672
O92,Versand Standard,2024-01-01 20:12:00,98.23416853594655,30.33848384346169,0.0
O93,Rohmaterial prüfen,2024-01-01 15:18:00,20.84230488134807,1.8175975356079597,0.0
O93,Fräsen Maschine B,2024-01-01 15:48:00,185.69939280564523,21.317115067339866,39.763862946017845
O93,Qualitätskontrolle,2024-01-01 17:18:00,19.390725504957025,0.39217801290556753,5.593989093122218
O93,Lackieren UV-Aushärtung,2024-01-01 17:48:00,159.8856596885056,9.00069776770509,18.990450157543567
O93,Verpacken Recycling,2024-01-01 19:18:00,54.20310013252276,1.5467335682013794,4.522135801660611
O93,Versand Standard,2024-01-01 19:48:00,98.16587794092656,29.60824185095618,0.0
O94,Rohmaterial prüfen,2024-01-01 15:24:00,28.07687844734721,0.1776795307886601,4.434317041650993
O94,Fräsen Maschine B,2024-01-01 15:54:00,187.60658025961226,20.99831089814796,39.1367593745639
O94,Qualitätskontrolle,2024-01-01 17:24:00,32.018650451683044,0.9758043936090839,1.1925962785397437
O94,Lackieren Ofen,2024-01-01 17:54:00,201.62179640860802,58.8209602088402,122.37535877692312
O94,Verpacken Recycling,2024-01-01 19:54:00,47.67691351350803,1.2011596558728392,5.566575743092284
O94,Versand Standard,2024-01-01 20:24:00,98.70547513147962,30.586693801475274,0.0
O95,Rohmaterial prüfen,2024-01-01 15:30:00,24.35648648728622,0.0,2.2527591590928235
O95,Fräsen Maschine A,2024-01-01 16:00:00,159.6946449952914,38.999668675394425,78.6445100589503
O95,Qualitätskontrolle,2024-01-01 18:00:00,32.569539248294575,1.179581781939598,3.7012601985471183
O95,Lackieren Ofen,2024-01-01 18:30:00,202.4459356507383,60.63472146856177,122.21939968391244
O95,Verpacken Standard,2024-01-01 20:30:00,42.04909328464257,4.7587423453814575,9.345147402405463
O95,Versand Express,2024-01-01 21:00:00,259.49940967447606,89.86736625361743,0.0
O96,Rohmaterial prüfen,2024-01-01 15:36:00,25.53540334643486,0.3796188360464018,0.0
O96,Fräsen Maschine A,2024-01-01 16:06:00,154.2371083857521,39.46467181404608,79.81893343539168
O96,Qualitätskontrolle,2024-01-01 18:06:00,31.659901652845072,1.1904996797790663,4.418903634278079
O96,Lackieren Ofen,2024-01-01 18:36:00,197.82256814715078,60.513105798176085,119.48090664483216
O96,Verpacken Standard,2024-01-01 20:36:00,43.694052404437514,5.615367484013054,6.129122595910809
O96,Versand Express,2024-01-01 21:06:00,255.42991058087517,89.46403655488595,1.6161155965622902
O97,Rohmaterial prüfen,2024-01-01 15:42:00,21.836436567006704,2.3381836767951225,1.5530680352562958
O97,Fräsen Maschine B,2024-01-01 16:12:00,178.253416019409,19.980580394112266,39.39364043433145
O97,Qualitätskontrolle,2024-01-01 17:42:00,33.99970950971025,0.0,0.8926351617072918
O97,Lackieren UV-Aushärtung,2024-01-01 18:12:00,154.66098539210404,10.950307591973576,23.42122674516385
O97,Verpacken Recycling,2024-01-01 19:42:00,49.47775390731264,0.8311782768099893,5.140104326226362
O97,Versand Standard,2024-01-01 20:12:00,105.80939151304095,29.072646865809425,0.47673796546957026
O98,Rohmaterial prüfen,2024-01-01 15:48:00,24.87598814891215,1.0010941699398452,2.379163233197487
O98,Fräsen Maschine B,2024-01-01 16:18:00,185.0052304628357,17.29676770700076,41.35575063906182
O98,Qualitätskontrolle,2024-01-01 17:48:00,26.72962158436288,0.0,4.022405199049961
O98,Lackieren Ofen,2024-01-01 18:18:00,206.8682927258148,59.86255148537231,121.90574909440588
O98,Verpacken Recycling,2024-01-01 20:18:00,58.06139128994323,2.3149144535840476,8.279929058742786
O98,Versand Standard,2024-01-01 20:48:00,103.71063745535946,30.075433638901593,0.0
O99,Rohmaterial prüfen,2024-01-01 15:54:00,18.769687559350256,0.0,6.3418854349956275
O99,Fräsen Maschine B,2024-01-01 16:24:00,179.12057093783832,20.123204806784486,41.102970752080935
O99,Qualitätskontrolle,2024-01-01 17:54:00,30.218012231862268,2.6950510404307533,1.754701276531096
O99,Lackieren UV-Aushärtung,2024-01-01 18:24:00,160.9730372761862,9.257529414301953,17.359954977558587
O99,Verpacken Recycling,2024-01-01 19:54:00,46.94115454547357,0.962963202951588,4.1413955509654805
O99,Versand Standard,2024-01-01 20:24:00,96.53789510063072,28.593682536328167,0.0
O100,Rohmaterial prüfen,2024-01-01 16:00:00,12.476398129844988,1.2600559636896027,2.1648795058690067
O100,Fräsen Maschine B,2024-01-01 16:30:00,172.71224250267534,19.690790922950136,38.495687188818835
O100,Qualitätskontrolle,2024-01-01 18:00:00,31.5958725520959,2.3404504460231443,0.0
O100,Lackieren UV-Aushärtung,2024-01-01 18:30:00,160.5751303957371,9.839867204433359,21.342680152900932
O100,Verpacken Recycling,2024-01-01 20:00:00,51.06598314118845,0.24803066826118092,4.361892128666764
O100,Versand Standard,2024-01-01 20:30:00,96.01987071598255,31.076007138598598,0.04262329734388444
O101,Rohmaterial prüfen,2024-01-01 16:06:00,29.50595342876504,0.4393391861853792,0.5831864661790744
O101,Fräsen Maschine A,2024-01-01 16:36:00,142.43142803693587,38.196860323744055,76.83172811398902
O101,Qualitätskontrolle,2024-01-01 18:36:00,31.335633255057417,1.5087250232299338,0.0
O101,Lackieren Ofen,2024-01-01 19:06:00,204.4751915703806,59.51693894831656,120.2935860239711
O101,Verpacken Standard,2024-01-01 21:06:00,48.06110314127712,5.896839315865532,7.4629387041883355
O101,Versand Express,2024-01-01 21:36:00,245.54403887292355,87.8481845986707,0.0
O102,Rohmaterial prüfen,2024-01-01 16:12:00,18.944348805861527,0.0,1.7374860658153906
O102,Fräsen Maschine B,2024-01-01 16:42:00,180.38425941479383,19.77514401819192,38.69999483835308
O102,Qualitätskontrolle,2024-01-01 18:12:00,30.84327335983364,1.4419406495694091,0.8192018451143079
O102,Lackieren Ofen,2024-01-01 18:42:00,207.05466189873135,59.90141186771574,120.0376992458897
O102,Verpacken Recycling,2024-01-01 20:42:00,53.541072116282784,1.2332161312635017,6.90627326782649
O102,Versand Standard,2024-01-01 21:12:00,101.43562082600913,29.38756262535956,0.7230070504122033
O103,Rohmaterial prüfen,2024-01-01 16:18:00,14.281368963396691,0.6085597057765232,1.9335400187110785
O103,Fräsen Maschine B,2024-01-01 16:48:00,178.9594157136373,19.87146248856107,36.23630190900472
O103,Qualitätskontrolle,2024-01-01 18:18:00,27.256375461295193,1.0928449011411148,3.3197127839948006
O103,Lackieren Ofen,2024-01-01 18:48:00,194.8616242953702,61.2657078408647,118.267650303571
O103,Verpacken Recycling,2024-01-01 20:48:00,54.84728600263368,1.427194361871685,3.7075453803123937
O103,Versand Standard,2024-01-01 21:18:00,108.87655446304755,28.80636316824352,1.838308347220003
O104,Rohmaterial prüfen,2024-01-01 16:24:00,25.002911590214893,0.0,4.784930600128657
O104,Fräsen Maschine B,2024-01-01 16:54:00,178.74976742700522,20.28869362927986,40.52064367754244
O104,Qualitätskontrolle,2024-01-01 18:24:00,29.32845629264726,1.810808273159782,4.586977441104426
O104,Lackieren Ofen,2024-01-01 18:54:00,191.2573401338091,61.304340242878155,116.67501602392865
O104,Verpacken Recycling,2024-01-01 20:54:00,55.16273102170829,2.1267051368275833,2.8180671395696035
O104,Versand Standard,2024-01-01 21:24:00,97.94592856022707,28.894295331514066,0.0
O105,Rohmaterial prüfen,2024-01-01 16:30:00,18.459828579071292,1.27966053226934,4.620617492239217
O105,Fräsen Maschine A,2024-01-01 17:00:00,156.97841905394978,39.437831973421694,79.58155625251095
O105,Qualitätskontrolle,2024-01-01 19:00:00,21.58280903889525,0.19412993350381125,4.929703266194915
O105,Lackieren Ofen,2024-01-01 19:30:00,208.07791411774116,58.765651128120076,118.81507148169422
O105,Verpacken Standard,2024-01-01 21:30:00,39.867971215205365,5.280161158819607,6.3807929601567075
O105,Versand Express,2024-01-01 22:00:00,252.12030522232044,89.52616065292908,0.0
O106,Rohmaterial prüfen,2024-01-01 16:36:00,22.7314212400185,0.5064222698109379,1.1272282189468628
O106,Fräsen Maschine B,2024-01-01 17:06:00,179.45195098037084,19.911637040794666,39.25997794023574
O106,Qualitätskontrolle,2024-01-01 18:36:00,28.706019686664487,2.5986471705047167,4.121838895882478
O106,Lackieren Ofen,2024-01-01 19:06:00,198.5225984098542,60.696954404510734,119.33236102048798
O106,Verpacken Recycling,2024-01-01 21:06:00,55.86562318793321,1.369642192198094,4.7853957119915425
O106,Versand Standard,2024-01-01 21:36:00,102.23858462905139,28.4291238479315,0.0
O107,Rohmaterial prüfen,2024-01-01 16:42:00,14.030374968004722,0.6429430947637067,5.465029998970184
O107,Fräsen Maschine A,2024-01-01 17:12:00,161.15650073096316,40.63805110144076,81.00168894988892
O107,Qualitätskontrolle,2024-01-01 19:12:00,20.994711329236303,0.45732620026597826,1.4244324961835222
O107,Lackieren Ofen,2024-01-01 19:42:00,196.8957620087444,59.83185618141521,119.05581884460574
O107,Verpacken Standard,2024-01-01 21:42:00,30.10350094812106,5.7479102561175335,5.8545139485203865
O107,Versand Express,2024-01-01 22:12:00,251.19623432055576,92.07408266974997,0.0
O108,Rohmaterial prüfen,2024-01-01 16:48:00,7.348562386268352,0.21399577811988918,4.201919269997142
O108,Fräsen Maschine B,2024-01-01 17:18:00,189.79173727110296,18.77045040554758,40.993398446473044
O108,Qualitätskontrolle,2024-01-01 18:48:00,27.673447716099734,0.8940516456958644,8.28868669403407
O108,Lackieren Ofen,2024-01-01 19:18:00,192.48514835802425,60.25373966149457,120.93538634353087
O108,Verpacken Recycling,2024-01-01 21:18:00,55.42893162469674,1.0979831534708955,5.616101079008205
O108,Versand Standard,2024-01-01 21:48:00,98.04175716289105,30.26912694124511,0.0
O109,Rohmaterial prüfen,2024-01-01 16:54:00,23.107859449280255,0.13038966395636603,2.754200787804373
O109,Fräsen Maschine B,2024-01-01 17:24:00,179.85368593157511,21.126050250772167,39.89721255282303
O109,Qualitätskontrolle,2024-01-01 18:54:00,21.134837658965594,2.2619215007139917,1.1885353982747622
O109,Lackieren Ofen,2024-01-01 19:24:00,196.7311683067559,59.404338705956505,122.74887618634163
O109,Verpacken Recycling,2024-01-01 21:24:00,39.32162893010652,4.137748533659994,7.112113618132104
O109,Versand Standard,2024-01-01 21:54:00,101.1161945706458,29.945105999383713,0.5711081497153139
O110,Rohmaterial prüfen,2024-01-01 17:00:00,22.605612141896692,1.145215585950057,3.111208932006897
O110,Fräsen Maschine B,2024-01-01 17:30:00,180.44790340627625,19.802661579692675,39.697453432692974
O110,Qualitätskontrolle,2024-01-01 19:00:00,29.025458598236597,2.1337700968670648,4.1871134445617235
O110,Lackieren UV-Aushärtung,2024-01-01 19:30:00,145.2980568266786,10.65590077652976,20.38947238943755
O110,Verpacken Recycling,2024-01-01 21:00:00,49.90645621777051,0.6114815469111141,7.2482254399720265
O110,Versand Standard,2024-01-01 21:30:00,104.73763231061429,29.227122332176393,0.8141045742490702
O111,Rohmaterial prüfen,2024-01-01 17:06:00,15.141716327293569,0.0,0.7465655508200697
O111,Fräsen Maschine B,2024-01-01 17:36:00,184.3119673619138,20.953125045376087,41.02617084019459
O111,Qualitätskontrolle,2024-01-01 19:06:00,33.625478934239986,1.5161782871149585,1.7170368095540955
O111,Lackieren UV-Aushärtung,2024-01-01 19:36:00,162.1596127233697,10.800409525227682,21.508582659627148
O111,Verpacken Recycling,2024-01-01 21:06:00,55.94456685737322,1.7083038472010639,5.702896415083166
O111,Versand Standard,2024-01-01 21:36:00,105.35075119158213,29.97347874075094,0.0
O112,Rohmaterial prüfen,2024-01-01 17:12:00,19.18466518028118,0.0,0.6496434500512369
O112,Fräsen Maschine A,2024-01-01 17:42:00,149.2774066464224,39.20758007900004,79.38407694072193
O112,Qualitätskontrolle,2024-01-01 19:42:00,20.531926665231072,1.2132937073729386,3.0024109507244483
O112,Lackieren Ofen,2024-01-01 20:12:00,195.91455684465905,60.659245668432405,121.87514027525312
O112,Verpacken Standard,2024-01-01 22:12:00,31.962200678155128,4.237275221433785,6.4617153004254035
O112,Versand Express,2024-01-01 22:42:00,245.30048449445567,90.82947484193174,0.0
O113,Rohmaterial prüfen,2024-01-01 17:18:00,18.677425793446947,0.0,3.2708360604184525
O113,Fräsen Maschine B,2024-01-01 17:48:00,173.80370802573265,20.059932630266328,40.55475387591638
O113,Qualitätskontrolle,2024-01-01 19:18:00,36.80329297919326,0.0,0.0
O113,Lackieren Ofen,2024-01-01 19:48:00,200.91924772376848,61.800511181510856,122.47789270587887
O113,Verpacken Recycling,2024-01-01 21:48:00,51.04829707637313,0.5083638143679526,6.614245193274621
O113,Versand Standard,2024-01-01 22:18:00,95.13226900147765,30.47635776935622,1.0109403183332537
O114,Rohmaterial prüfen,2024-01-01 17:24:00,25.3010495374944,3.2596600389110777,2.784831934357534
O114,Fräsen Maschine A,2024-01-01 17:54:00,147.4551818714625,39.97442568780801,76.46184819022176
O114,Qualitätskontrolle,2024-01-01 19:54:00,26.52643434455471,0.5907175618868961,1.951823204130815
O114,Lackieren Ofen,2024-01-01 20:24:00,200.7617743601686,59.1775800676178,122.24206133464894
O114,Verpacken Standard,2024-01-01 22:24:00,40.00103532459099,4.990699678861386,7.344210566974164
O114,Versand Express,2024-01-01 22:54:00,250.7759534192949,90.82509826466763,0.0
O115,Rohmaterial prüfen,2024-01-01 17:30:00,16.709417554623716,0.19627397122333534,0.0
O115,Fräsen Maschine B,2024-01-01 18:00:00,175.9037107013925,19.52377912645534,41.74877836142546
O115,Qualitätskontrolle,2024-01-01 19:30:00,31.312806645009626,1.1935899113675443,4.701795924335944
O115,Lackieren UV-Aushärtung,2024-01-01 20:00:00,159.31314105800303,10.39046484992889,19.793556494135007
O115,Verpacken Recycling,2024-01-01 21:30:00,51.32681174699814,0.4172413423884179,0.12236568344714183
O115,Versand Standard,2024-01-01 22:00:00,99.32860418906849,31.42274813609994,1.8524308044831848
O116,Rohmaterial prüfen,2024-01-01 17:36:00,24.826987422955852,1.7361307218062179,2.177315181922875
O116,Fräsen Maschine B,2024-01-01 18:06:00,180.98657853702798,19.38234810456565,39.3678542879459
O116,Qualitätskontrolle,2024-01-01 19:36:00,33.07885574885571,2.203884437168816,2.721107448638001
O116,Lackieren UV-Aushärtung,2024-01-01 20:06:00,157.74905367574294,10.000527958856598,21.20241349785823
O116,Verpacken Recycling,2024-01-01 21:36:00,42.78072591933229,0.0,3.898926301016833
O116,Versand Standard,2024-01-01 22:06:00,93.89643787042921,29.49185980235269,0.0
O117,Rohmaterial prüfen,2024-01-01 17:42:00,17.733757954884933,1.9524675344707454,2.65348952920464
O117,Fräsen Maschine A,2024-01-01 18:12:00,151.50237179805413,40.6222071440434,77.72233376443846
O117,Qualitätskontrolle,2024-01-01 20:12:00,35.195558937101346,0.9242357134645401,4.340961234482425
O117,Lackieren Ofen,2024-01-01 20:42:00,194.64071383479921,58.44624123398393,121.63577931605006
O117,Verpacken Standard,2024-01-01 22:42:00,41.882047630487584,4.09794844564249,6.260673837450611
O117,Versand Express,2024-01-01 23:12:00,255.62717392207384,88.81058810713267,3.285345906511927
O118,Rohmaterial prüfen,2024-01-01 17:48:00,15.496896326760655,1.138391925608383,1.3427630485020308
O118,Fräsen Maschine B,2024-01-01 18:18:00,183.0159371554117,19.455885997885808,39.67441418785541
O118,Qualitätskontrolle,2024-01-01 19:48:00,30.204595876978605,0.0,4.4816486908402515
O118,Lackieren Ofen,2024-01-01 20:18:00,197.43393216764207,59.77140008465998,118.01130125078298
O118,Verpacken Recycling,2024-01-01 22:18:00,37.18833170602345,0.8089722373998309,9.825230843225832
O118,Versand Standard,2024-01-01 22:48:00,103.92302143949011,29.980739620265606,0.0
O119,Rohmaterial prüfen,2024-01-01 17:54:00,20.11232946406023,1.04711911517521,0.0
O119,Fräsen Maschine B,2024-01-01 18:24:00,185.57160847334436,20.715381315441245,41.436371451415866
O119,Qualitätskontrolle,2024-01-01 19:54:00,32.192378694048635,1.01961665769399,4.34572247193364
O119,Lackieren Ofen,2024-01-01 20:24:00,202.9590706687069,59.64595928905898,118.8527964542062
O119,Verpacken Recycling,2024-01-01 22:24:00,50.50928147630994,2.5490201514951876,2.5217858486921982
O119,Versand Standard,2024-01-01 22:54:00,92.6623736712378,30.164760841236518,0.10177540371203612
O120,Rohmaterial prüfen,2024-01-01 18:00:00,20.86670832185204,0.7439531979085002,1.5535954907303897
O120,Fräsen Maschine A,2024-01-01 18:30:00,157.44931719301042,38.399096021523484,78.3430059504395
O120,Qualitätskontrolle,2024-01-01 20:30:00,29.483726199254765,0.0,2.6482911911358578
O120,Lackieren Ofen,2024-01-01 21:00:00,208.3073508286401,60.020886488295965,120.46140181143737
O120,Verpacken Standard,2024-01-01 23:00:00,33.6991761741371,4.383638591960523,7.249607239352126
O120,Versand Express,2024-01-01 23:30:00,248.41142451621883,91.28164379500377,1.115382121450249
O121,Rohmaterial prüfen,2024-01-01 18:06:00,14.44271021531484,0.7465047784320049,2.99644349699357
O121,Fräsen Maschine B,2024-01-01 18:36:00,185.70074519260632,21.580540686568373,37.96981161634426
O121,Qualitätskontrolle,2024-01-01 20:06:00,25.94571244394831,0.0,2.5319602817860374
O121,Lackieren UV-Aushärtung,2024-01-01 20:36:00,162.33179187223166,10.987334516589101,19.848097952714955
O121,Verpacken Recycling,2024-01-01 22:06:00,48.40076238372578,1.1517579922487404,3.329714196739954
O121,Versand Standard,2024-01-01 22:36:00,110.44769360847387,28.39233897288194,0.3694811577914489
O122,Rohmaterial prüfen,2024-01-01 18:12:00,30.118031096148197,0.5067998445599977,1.6199219299970111
O122,Fräsen Maschine B,2024-01-01 18:42:00,178.21277288594786,19.81960831823759,42.74569694935306
O122,Qualitätskontrolle,2024-01-01 20:12:00,18.940690443352466,2.5334337012963255,0.15208569509970982
O122,Lackieren Ofen,2024-01-01 20:42:00,198.66673835382792,59.57075557970134,121.17710653954144
O122,Verpacken Recycling,2024-01-01 22:42:00,42.00937824058126,1.4621726660819427,9.048619246573704
O122,Versand Standard,2024-01-01 23:12:00,93.18412997703595,30.189706167610396,0.0
O123,Rohmaterial prüfen,2024-01-01 18:18:00,22.12943603096518,0.519147777415752,0.7170261819113808
O123,Fräsen Maschine B,2024-01-01 18:48:00,182.43936142435538,21.804348109786744,39.618192416545405
O123,Qualitätskontrolle,2024-01-01 20:18:00,33.59878971074091,0.0,1.0871272463639825
O123,Lackieren UV-Aushärtung,2024-01-01 20:48:00,162.3620313894019,11.484116028535965,20.71122669757132
O123,Verpacken Recycling,2024-01-01 22:18:00,48.43470984738423,0.999291405423354,2.499184532060565
O123,Versand Standard,2024-01-01 22:48:00,103.02257663177683,30.882333062323408,0.0
O124,Rohmaterial prüfen,2024-01-01 18:24:00,17.649789261202493,0.7658782296520485,1.1265605279188091
O124,Fräsen Maschine B,2024-01-01 18:54:00,179.6693369268709,22.099721789166516,39.505948598508006
O124,Qualitätskontrolle,2024-01-01 20:24:00,28.20829923989389,0.3524581943648408,4.4883839429998735
O124,Lackieren Ofen,2024-01-01 20:54:00,199.0938791339095,59.35062696167857,122.64260806454602
O124,Verpacken Recycling,2024-01-01 22:54:00,57.098015022568184,0.39957643426129485,1.2669200972787675
O124,Versand Standard,2024-01-01 23:24:00,105.0375684491846,29.315370174239995,1.5812511983255373
O125,Rohmaterial prüfen,2024-01-01 18:30:00,10.149480911440822,1.3925973382993093,0.0
O125,Fräsen Maschine A,2024-01-01 19:00:00,153.65382059533263,40.014273067836434,78.0921211612067
O125,Qualitätskontrolle,2024-01-01 21:00:00,27.964818435366098,1.686318456956701,3.2117889062304683
O125,Lackieren Ofen,2024-01-01 21:30:00,202.92206490236242,61.97644058451549,116.87151677657789
O125,Verpacken Standard,2024-01-01 23:30:00,48.08606287484312,5.104355937523213,6.202431903353744
O125,Versand Express,2024-01-02 00:00:00,243.34843187130505,89.81087960922297,1.8433002238489187
O126,Rohmaterial prüfen,2024-01-01 18:36:00,19.362254398112327,2.0111549302473475,0.0
O126,Fräsen Maschine A,2024-01-01 19:06:00,149.93955526076974,38.747606555586884,80.72726376524993
O126,Qualitätskontrolle,2024-01-01 21:06:00,34.4344369504865,0.5792382063189467,0.0
O126,Lackieren Ofen,2024-01-01 21:36:00,200.99474073398247,60.43673855173351,120.8085895099234
O126,Verpacken Standard,2024-01-01 23:36:00,46.17891095911077,3.928946320350951,9.3604322109009
O126,Versand Express,2024-01-02 00:06:00,255.96253756238988,88.22141241599348,0.6393036518379545
O127,Rohmaterial prüfen,2024-01-01 18:42:00,17.479100844961643,0.4184773268983541,2.6953529670766727
O127,Fräsen Maschine A,2024-01-01 19:12:00,147.56385717943223,39.32429192083839,80.06830483497605
O127,Qualitätskontrolle,2024-01-01 21:12:00,24.563770305685985,0.0,4.358746565913007
O127,Lackieren Ofen,2024-01-01 21:42:00,194.2560298242067,60.666312500909214,120.9251825857079
O127,Verpacken Standard,2024-01-01 23:42:00,31.370966356047017,4.322435347664345,10.388218806094745
O127,Versand Express,2024-01-02 00:12:00,245.0941723443016,89.53559573769061,0.924121786503793
O128,Rohmaterial prüfen,2024-01-01 18:48:00,23.91695254641298,0.2484611139555043,0.8049796106167169
O128,Fräsen Maschine B,2024-01-01 19:18:00,187.11184930849254,21.73889966379758,41.95771610156359
O128,Qualitätskontrolle,2024-01-01 20:48:00,30.42659071282512,0.19173427835907364,1.3391111868868695
O128,Lackieren UV-Aushärtung,2024-01-01 21:18:00,162.6125705263288,10.418398220888683,22.80319718589286
O128,Verpacken Recycling,2024-01-01 22:48:00,53.25225046268069,0.0,7.103895235445837
O128,Versand Standard,2024-01-01 23:18:00,95.00969686342793,29.61602872804765,0.500400412503389
O129,Rohmaterial prüfen,2024-01-01 18:54:00,29.978337448919824,3.609918556005361,3.2134461182723655
O129,Fräsen Maschine B,2024-01-01 19:24:00,179.08401690639806,20.53450564848055,41.77531085174767
O129,Qualitätskontrolle,2024-01-01 20:54:00,28.396661872214043,2.795211355912322,3.4601415183828044
O129,Lackieren UV-Aushärtung,2024-01-01 21:24:00,162.48871544545696,10.665924252054461,20.843173221228913
O129,Verpacken Recycling,2024-01-01 22:54:00,54.194702502348065,0.3827468134530768,3.8833964921079387
O129,Versand Standard,2024-01-01 23:24:00,94.49922883514152,30.439501230620227,1.5578730070242282
O130,Rohmaterial prüfen,2024-01-01 19:00:00,22.28886433075943,2.1744924333475373,1.9888079623419068
O130,Fräsen Maschine B,2024-01-01 19:30:00,183.34370827796258,18.908299123860687,39.2258005950512
O130,Qualitätskontrolle,2024-01-01 21:00:00,33.47768878782889,1.849102110743144,2.4120661046716356
O130,Lackieren UV-Aushärtung,2024-01-01 21:30:00,159.64200374070967,8.48212625331919,19.28594159838678
O130,Verpacken Recycling,2024-01-01 23:00:00,54.45191581759893,1.5752050161065663,6.001331442762419
O130,Versand Standard,2024-01-01 23:30:00,100.2488684359048,30.007063158628178,0.0
O131,Rohmaterial prüfen,2024-01-01 19:06:00,23.494142101012674,0.9209729443893898,2.9840376959855988
O131,Fräsen Maschine A,2024-01-01 19:36:00,147.3698257866621,37.84665708012876,82.19430542350739
O131,Qualitätskontrolle,2024-01-01 21:36:00,27.605812719957978,0.13722423595687938,4.386957823827988
O131,Lackieren Ofen,2024-01-01 22:06:00,198.03993680040435,61.05993638404662,121.2340118991534
O131,Verpacken Standard,2024-01-02 00:06:00,43.417846616002386,3.6340442887994655,10.423887970772801
O131,Versand Express,2024-01-02 00:36:00,251.30625265616928,89.63072286075379,0.28677693468450216
O132,Rohmaterial prüfen,2024-01-01 19:12:00,11.118823835508401,0.9086528114806709,0.0
O132,Fräsen Maschine A,2024-01-01 19:42:00,143.23664857078234,38.47764081378211,82.22537674997984
O132,Qualitätskontrolle,2024-01-01 21:42:00,26.853683031536058,2.533727709916499,1.9283970738954044
O132,Lackieren Ofen,2024-01-01 22:12:00,191.46321021203528,58.88347556005134,122.47162324001388
O132,Verpacken Standard,2024-01-02 00:12:00,39.22050911031666,4.451712703509399,8.320036451705576
O132,Versand Express,2024-01-02 00:42:00,252.50891368083774,91.11739881590246,2.8969984597858525
O133,Rohmaterial prüfen,2024-01-01 19:18:00,18.20115677105457,0.0,1.173069677753448
O133,Fräsen Maschine B,2024-01-01 19:48:00,181.30140253291444,19.036241073789387,38.085698170209916
O133,Qualitätskontrolle,2024-01-01 21:18:00,31.718939407749428,0.9513476484295489,3.065593990823173
O133,Lackieren UV-Aushärtung,2024-01-01 21:48:00,156.20752332649965,9.769599285794232,18.15153371146339
O133,Verpacken Recycling,2024-01-01 23:18:00,54.450992055623935,2.0352493347237526,1.3076242755238123
O133,Versand Standard,2024-01-01 23:48:00,95.35244569903794,28.503470744909922,0.0
O134,Rohmaterial prüfen,2024-01-01 19:24:00,19.582810151048196,0.0,0.15628037374937365
O134,Fräsen Maschine B,2024-01-01 19:54:00,174.9802131395925,20.207267329398945,40.1386886740725
O134,Qualitätskontrolle,2024-01-01 21:24:00,26.391312233313734,1.176820872139398,1.9066398308254693
O134,Lackieren UV-Aushärtung,2024-01-01 21:54:00,158.64172444836973,11.673452090298538,22.680922103580695
O134,Verpacken Recycling,2024-01-01 23:24:00,43.50209381536201,1.8297324178791745,6.622793108983184
O134,Versand Standard,2024-01-01 23:54:00,94.2586835562369,30.81877764375486,3.0758638368251057
O135,Rohmaterial prüfen,2024-01-01 19:30:00,14.387275968777931,0.0,4.035322933687005
O135,Fräsen Maschine A,2024-01-01 20:00:00,151.35747655412823,40.55147627523952,80.68117843280099
O135,Qualitätskontrolle,2024-01-01 22:00:00,31.95347960464072,0.0,5.094635413242896
O135,Lackieren Ofen,2024-01-01 22:30:00,205.84794996213887,59.77060925593197,119.91304610037227
O135,Verpacken Standard,2024-01-02 00:30:00,32.34446248722139,5.514254756017835,9.144114883428289
O135,Versand Express,2024-01-02 01:00:00,249.68904491500345,91.1243533598705,0.0
O136,Rohmaterial prüfen,2024-01-01 19:36:00,22.823029629468003,0.0,1.9528956982515238
O136,Fräsen Maschine B,2024-01-01 20:06:00,179.1282287104858,20.22530792204094,39.26094614233328
O136,Qualitätskontrolle,2024-01-01 21:36:00,29.34263702164166,1.8260471714415063,2.126471525523565
O136,Lackieren Ofen,2024-01-01 22:06:00,191.9671144963066,61.74958390420542,122.76290815738098
O136,Verpacken Recycling,2024-01-02 00:06:00,43.538686524471906,1.6897078052451944,3.9940504588973136
O136,Versand Standard,2024-01-02 00:36:00,101.3174360766553,30.294224129013493,0.0
O137,Rohmaterial prüfen,2024-01-01 19:42:00,16.081171672068017,0.0,0.16761616903751508
O137,Fräsen Maschine A,2024-01-01 20:12:00,145.84088895884778,39.932821709950645,78.5684800217785
O137,Qualitätskontrolle,2024-01-01 22:12:00,33.4102603285631,2.487246155335927,1.839893517259914
O137,Lackieren Ofen,2024-01-01 22:42:00,201.19702250267687,60.499685110302934,120.94400454183855
O137,Verpacken Standard,2024-01-02 00:42:00,40.37977633958044,5.742682418359722,8.964497905361315
O137,Versand Express,2024-01-02 01:12:00,243.8116878883635,90.86915606438927,1.7745816745334841
O138,Rohmaterial prüfen,2024-01-01 19:48:00,16.183569479107092,0.537937835447602,3.3666579856221386
O138,Fräsen Maschine B,2024-01-01 20:18:00,178.95343090210318,21.07297804776601,44.72774498923872
O138,Qualitätskontrolle,2024-01-01 21:48:00,26.070069836825088,0.0,3.6076371912097516
O138,Lackieren UV-Aushärtung,2024-01-01 22:18:00,163.60781252563072,9.76913362615523,22.906521326642068
O138,Verpacken Recycling,2024-01-01 23:48:00,43.30697100138376,1.6929186230316111,3.7882783584822133
O138,Versand Standard,2024-01-02 00:18:00,108.59688953103648,31.99251535316812,0.0
O139,Rohmaterial prüfen,2024-01-01 19:54:00,17.2522143204571,1.359587886979802,1.2257387004209708
O139,Fräsen Maschine B,2024-01-01 20:24:00,179.7729439103388,20.02538842054241,36.160653687604686
O139,Qualitätskontrolle,2024-01-01 21:54:00,29.930811269528814,0.31027222593582615,2.013754355200456
O139,Lackieren UV-Aushärtung,2024-01-01 22:24:00,167.21816001734408,8.743493105720743,21.626410373495954
O139,Verpacken Recycling,2024-01-01 23:54:00,48.60518534834096,0.7202398315041656,6.580743792103423
O139,Versand Standard,2024-01-02 00:24:00,101.70025647284446,30.57061299721953,1.9363693210657222
O140,Rohmaterial prüfen,2024-01-01 20:00:00,18.343458084083387,0.0,0.0
O140,Fräsen Maschine A,2024-01-01 20:30:00,145.87294735010522,42.94909442530872,82.48935916147357
O140,Qualitätskontrolle,2024-01-01 22:30:00,23.244628168959892,0.0,3.963732123436983
O140,Lackieren Ofen,2024-01-01 23:00:00,202.73632398688983,60.54888383531736,119.4900884128926
O140,Verpacken Standard,2024-01-02 01:00:00,39.3727286999855,5.327879524159357,8.171786012586661
O140,Versand Express,2024-01-02 01:30:00,238.90349813626233,89.7702003694248,0.0
O141,Rohmaterial prüfen,2024-01-01 20:06:00,20.87605709454256,3.48525900260341,2.7349633309486086
O141,Fräsen Maschine B,2024-01-01 20:36:00,178.432351569138,20.921801501977253,40.965375774418426
O141,Qualitätskontrolle,2024-01-01 22:06:00,32.100472452259204,1.606850593215671,7.113087129659083
O141,Lackieren Ofen,2024-01-01 22:36:00,194.34555782337043,60.473632076811455,118.14723774003693
O141,Verpacken Recycling,2024-01-02 00:36:00,52.77756323171124,0.08131348851390563,4.165266372789831
O141,Versand Standard,2024-01-02 01:06:00,98.52455042881047,30.97581671934471,1.8369088878848276
O142,Rohmaterial prüfen,2024-01-01 20:12:00,13.771413117768077,0.5549341109998487,0.5808402905016548
O142,Fräsen Maschine B,2024-01-01 20:42:00,173.70747544662333,19.78298294957563,39.38303442308836
O142,Qualitätskontrolle,2024-01-01 22:12:00,42.13358243172761,1.432959825360696,0.24476499849152544
O142,Lackieren Ofen,2024-01-01 22:42:00,197.1761299791453,61.0213832954294,124.17688554573985
O142,Verpacken Recycling,2024-01-02 00:42:00,42.07008343881021,0.0,8.741930350743564
O142,Versand Standard,2024-01-02 01:12:00,101.94807088685452,29.131707268123634,1.0692581722448706
O143,Rohmaterial prüfen,2024-01-01 20:18:00,6.821261304915611,0.503375506597161,2.6556423456861706
O143,Fräsen Maschine A,2024-01-01 20:48:00,154.62135069768914,38.986104047707464,80.17137432280671
O143,Qualitätskontrolle,2024-01-01 22:48:00,25.37287686970206,1.255383755674317,1.2093073552739517
O143,Lackieren Ofen,2024-01-01 23:18:00,197.9594958041989,59.00418460520977,121.30227248364731
O143,Verpacken Standard,2024-01-02 01:18:00,44.29225558328333,4.765379430042586,8.076475989920057
O143,Versand Express,2024-01-02 01:48:00,242.75704292683227,89.70032335199322,0.0
O144,Rohmaterial prüfen,2024-01-01 20:24:00,33.103965455149876,0.0,4.928354477504875
O144,Fräsen Maschine B,2024-01-01 20:54:00,184.98429386732903,20.280636404490135,43.51724096839027
O144,Qualitätskontrolle,2024-01-01 22:24:00,31.860527363034315,1.3891591956679288,2.893758693964909
O144,Lackieren UV-Aushärtung,2024-01-01 22:54:00,166.11784441209315,11.096469233810884,18.748645425007574
O144,Verpacken Recycling,2024-01-02 00:24:00,43.40376402700616,0.7970193626043429,3.399922871204707
O144,Versand Standard,2024-01-02 00:54:00,99.68237712692323,31.23743813468414,0.0
O145,Rohmaterial prüfen,2024-01-01 20:30:00,19.785883093442127,0.5580227348083953,3.6968617644105692
O145,Fräsen Maschine B,2024-01-01 21:00:00,168.76555333007698,19.393299705234703,40.422567384558945
O145,Qualitätskontrolle,2024-01-01 22:30:00,36.00039478213431,0.5080975524937948,0.0
O145,Lackieren Ofen,2024-01-01 23:00:00,203.09855722983067,59.36463761117437,117.62066668181927
O145,Verpacken Recycling,2024-01-02 01:00:00,46.87827305143388,0.8154746423441505,3.7905106709235747
O145,Versand Standard,2024-01-02 01:30:00,88.97216971450466,30.89706619688713,2.5497500825574444
O146,Rohmaterial prüfen,2024-01-01 20:36:00,23.25760995669753,0.0,1.597016932104964
O146,Fräsen Maschine A,2024-01-01 21:06:00,149.9673934238527,40.59879438956191,81.33668097743616
O146,Qualitätskontrolle,2024-01-01 23:06:00,26.32913100610752,1.0819955564135604,3.9145608092304824
O146,Lackieren Ofen,2024-01-01 23:36:00,207.27911161073382,60.70450653982472,121.57811337475104
O146,Verpacken Standard,2024-01-02 01:36:00,40.4191331396468,6.410459145203504,8.819525591918994
O146,Versand Express,2024-01-02 02:06:00,245.69456044913215,91.4033699701252,1.3958065450780552
O147,Rohmaterial prüfen,2024-01-01 20:42:00,17.784779894357587,0.020507032600756647,2.5931510902815234
O147,Fräsen Maschine B,2024-01-01 21:12:00,182.31592397633793,20.197292265631205,40.62261734688577
O147,Qualitätskontrolle,2024-01-01 22:42:00,38.4997868728819,2.0715431522348857,3.3812711825300488
O147,Lackieren Ofen,2024-01-01 23:12:00,204.7065529038374,58.96747609647246,120.79585409989362
O147,Verpacken Recycling,2024-01-02 01:12:00,59.04653174866555,0.7819541046076262,3.3047321427618304
O147,Versand Standard,2024-01-02 01:42:00,96.73955555703469,28.910366962657612,0.0
O148,Rohmaterial prüfen,2024-01-01 20:48:00,18.147459507049856,0.0,2.031236667899206
O148,Fräsen Maschine B,2024-01-01 21:18:00,184.51138586893325,19.09224381985308,43.03856784728354
O148,Qualitätskontrolle,2024-01-01 22:48:00,32.55396044263797,2.0305805856240573,1.6843308922957259
O148,Lackieren Ofen,2024-01-01 23:18:00,204.27262613533307,58.90806609960469,121.78049500167302
O148,Verpacken Recycling,2024-01-02 01:18:00,50.85919669896766,1.5532512199847837,2.6488107887502967
O148,Versand Standard,2024-01-02 01:48:00,95.52465078861698,30.597228218253385,0.0
O149,Rohmaterial prüfen,2024-01-01 20:54:00,22.316031460495616,0.0,3.696348425333336
O149,Fräsen Maschine A,2024-01-01 21:24:00,143.83738342615746,40.55229993767952,81.251261867292
O149,Qualitätskontrolle,2024-01-01 23:24:00,26.516140907852126,1.5820265670847269,3.520884526667112
O149,Lackieren Ofen,2024-01-01 23:54:00,197.3057907190363,58.99144531592379,116.07474861665484
O149,Verpacken Standard,2024-01-02 01:54:00,41.74825023649847,3.4351972286379446,8.190688398882616
O149,Versand Express,2024-01-02 02:24:00,248.68275891958876,90.6791427754382,0.0
O150,Rohmaterial prüfen,2024-01-01 21:00:00,18.35276106826454,1.2318707042882955,2.670116058168235
O150,Fräsen Maschine A,2024-01-01 21:30:00,151.5807797859139,40.469267589808524,76.9288557535858
O150,Qualitätskontrolle,2024-01-01 23:30:00,33.78394339993491,1.6124687940136022,0.9666337428470055
O150,Lackieren Ofen,2024-01-02 00:00:00,198.779597631629,59.96069271237237,119.73100643119653
O150,Verpacken Standard,2024-01-02 02:00:00,41.669299832842675,6.4313667818311835,10.163533455345657
O150,Versand Express,2024-01-02 02:30:00,243.43890403284297,90.62206999030604,2.657866639070819
O151,Rohmaterial prüfen,2024-01-01 21:06:00,21.934042603446013,1.590980425185967,6.02454089140153
O151,Fräsen Maschine B,2024-01-01 21:36:00,185.1185477305349,20.24930859564173,42.09017694816951
O151,Qualitätskontrolle,2024-01-01 23:06:00,30.724439165484455,1.0239030432849554,2.2971715285725347
O151,Lackieren UV-Aushärtung,2024-01-01 23:36:00,167.81706679416055,9.181571334057999,23.06473544935623
O151,Verpacken Recycling,2024-01-02 01:06:00,52.49932061870186,0.0,5.735298585982843
O151,Versand Standard,2024-01-02 01:36:00,89.49986746174189,30.625508016831034,1.770462965977982
O152,Rohmaterial prüfen,2024-01-01 21:12:00,17.03822022173973,0.6235476959555823,5.9083148675005726
O152,Fräsen Maschine B,2024-01-01 21:42:00,177.47126647869032,18.941092412943398,42.963326804925195
O152,Qualitätskontrolle,2024-01-01 23:12:00,39.81293595265397,1.0036956718478474,5.0229260708167125
O152,Lackieren Ofen,2024-01-01 23:42:00,206.7073795776544,59.25751576746162,119.02938832926426
O152,Verpacken Recycling,2024-01-02 01:42:00,56.15437256577368,2.6850142787085094,6.125761720348709
O152,Versand Standard,2024-01-02 02:12:00,95.60092823248974,31.98706111169944,0.0
O153,Rohmaterial prüfen,2024-01-01 21:18:00,18.32431109414274,0.8423378344896215,5.108320841429548
O153,Fräsen Maschine B,2024-01-01 21:48:00,184.26987988276113,20.41486550036191,40.92657706023621
O153,Qualitätskontrolle,2024-01-01 23:18:00,30.21757334321733,1.5581395145185062,0.0
O153,Lackieren Ofen,2024-01-01 23:48:00,198.516962704651,60.24132193491678,117.69797183276098
O153,Verpacken Recycling,2024-01-02 01:48:00,51.931616589057796,0.7955287790138785,8.510951396630979
O153,Versand Standard,2024-01-02 02:18:00,107.86509862607429,29.534194430881836,0.0
O154,Rohmaterial prüfen,2024-01-01 21:24:00,19.630262171958037,0.04834052384037729,2.3900499680562532
O154,Fräsen Maschine B,2024-01-01 21:54:00,176.20858965556204,18.869384665062473,41.245422447800536
O154,Qualitätskontrolle,2024-01-01 23:24:00,33.147647921109055,0.19568424034000764,4.790710861525199
O154,Lackieren Ofen,2024-01-01 23:54:00,196.84211135417334,60.25316523803798,121.64068802522492
O154,Verpacken Recycling,2024-01-02 01:54:00,49.83193717648143,1.4547409121411343,3.9671407122248565
O154,Versand Standard,2024-01-02 02:24:00,99.01766708285952,29.79414056911966,0.0
O155,Rohmaterial prüfen,2024-01-01 21:30:00,19.11612918442109,0.0,1.0176925057157906
O155,Fräsen Maschine A,2024-01-01 22:00:00,148.57562253315166,39.74382024750462,79.51700510825845
O155,Qualitätskontrolle,2024-01-02 00:00:00,29.691179000699357,1.4794415180860638,4.749034148265045
O155,Lackieren Ofen,2024-01-02 00:30:00,196.75117386575866,58.79679914461086,117.9159111755138
O155,Verpacken Standard,2024-01-02 02:30:00,37.563985394025366,4.648078682183491,6.460007867605086
O155,Versand Express,2024-01-02 03:00:00,243.51941667875053,89.5438791725258,0.36285324022794274
O156,Rohmaterial prüfen,2024-01-01 21:36:00,22.975147329177823,0.0,1.1740043557131319
O156,Fräsen Maschine A,2024-01-01 22:06:00,145.36650845576344,39.968560829625225,78.30314273161837
O156,Qualitätskontrolle,2024-01-02 00:06:00,32.865639066206,0.0,2.2807406550950753
O156,Lackieren Ofen,2024-01-02 00:36:00,201.5055366959587,60.183834516322506,125.38606732796099
O156,Verpacken Standard,2024-01-02 02:36:00,41.74900012283954,3.9959454031579895,7.809071505821854
O156,Versand Express,2024-01-02 03:06:00,241.11876833266774,89.91940025070323,0.0
O157,Rohmaterial prüfen,2024-01-01 21:42:00,24.57695137780081,0.0,1.7664681684095067
O157,Fräsen Maschine A,2024-01-01 22:12:00,146.82221079297798,41.738851351853334,79.35751446776418
O157,Qualitätskontrolle,2024-01-02 00:12:00,39.16278521739601,1.8141517621182666,3.9641334546707725
O157,Lackieren Ofen,2024-01-02 00:42:00,201.8436657365876,60.39379729821625,116.14465484130878
O157,Verpacken Standard,2024-01-02 02:42:00,38.60558302924622,5.845157971184322,7.902205633051789
O157,Versand Express,2024-01-02 03:12:00,242.97405076598213,89.94759554942253,3.4082110325109825
O158,Rohmaterial prüfen,2024-01-01 21:48:00,26.234458577673596,0.43799599063396827,3.902898554116173
O158,Fräsen Maschine B,2024-01-01 22:18:00,178.16746489815975,18.29612841317328,38.15106802374089
O158,Qualitätskontrolle,2024-01-01 23:48:00,37.81444384254099,0.7260069181706958,2.513232041249964
O158,Lackieren Ofen,2024-01-02 00:18:00,198.5008090186256,61.90413658957301,123.25191783072412
O158,Verpacken Recycling,2024-01-02 02:18:00,61.09390116724067,0.8409547895999487,5.59124897749419
O158,Versand Standard,2024-01-02 02:48:00,92.41678725289604,31.476934426118273,0.0
O159,Rohmaterial prüfen,2024-01-01 21:54:00,21.083877818813146,0.0,0.8222663465226079
O159,Fräsen Maschine A,2024-01-01 22:24:00,145.81368784475148,39.39212473932418,78.92175459370205
O159,Qualitätskontrolle,2024-01-02 00:24:00,27.258656025374613,1.8333339117803071,0.7902744138749598
O159,Lackieren Ofen,2024-01-02 00:54:00,201.10270713506932,61.21795915230556,118.9736072709732
O159,Verpacken Standard,2024-01-02 02:54:00,36.41040554626199,4.769475374819749,10.35945041672142
O159,Versand Express,2024-01-02 03:24:00,250.97053815476679,89.4687857053924,0.9677533023760795
O160,Rohmaterial prüfen,2024-01-01 22:00:00,14.488539250817883,1.181359510442948,2.817214615403535
O160,Fräsen Maschine A,2024-01-01 22:30:00,148.46095764430558,39.161414201552766,78.22663815543308
O160,Qualitätskontrolle,2024-01-02 00:30:00,32.67408668172955,2.228980502489062,1.7253845059424104
O160,Lackieren Ofen,2024-01-02 01:00:00,202.29193351775743,57.91297298139793,118.8307645386856
O160,Verpacken Standard,2024-01-02 03:00:00,39.84470533564549,4.090316583018167,6.126987250420808
O160,Versand Express,2024-01-02 03:30:00,246.66110221765558,90.29219272832637,0.0
O161,Rohmaterial prüfen,2024-01-01 22:06:00,8.808843833375139,0.0,0.7862696442856492
O161,Fräsen Maschine A,2024-01-01 22:36:00,152.28843293026776,37.252495157274765,79.00053964769674
O161,Qualitätskontrolle,2024-01-02 00:36:00,27.368760717412894,2.388337778208448,2.2299563765742727
O161,Lackieren Ofen,2024-01-02 01:06:00,201.91494492370464,60.14125714008746,115.7388670403856
O161,Verpacken Standard,2024-01-02 03:06:00,43.841036083158684,5.215396505456288,9.01653727934918
O161,Versand Express,2024-01-02 03:36:00,269.6311885321816,87.9158870605014,3.449393299522217
O162,Rohmaterial prüfen,2024-01-01 22:12:00,18.56276240299822,0.7873289044030093,1.9089755093975156
O162,Fräsen Maschine B,2024-01-01 22:42:00,177.87881833300978,19.43016707176124,40.659017471146015
O162,Qualitätskontrolle,2024-01-02 00:12:00,22.414131516641604,1.7505791675217655,2.167611190229492
O162,Lackieren Ofen,2024-01-02 00:42:00,194.3496533047982,59.549987142004184,122.51429843372514
O162,Verpacken Recycling,2024-01-02 02:42:00,47.323324564918885,1.3584536182096203,3.5380874485690534
O162,Versand Standard,2024-01-02 03:12:00,103.7896092496181,30.685507738790204,3.697217666592823
O163,Rohmaterial prüfen,2024-01-01 22:18:00,19.122180272503922,1.1686548047579066,2.196135079077889
O163,Fräsen Maschine A,2024-01-01 22:48:00,156.47935890931507,39.28116761239127,81.49001062575456
O163,Qualitätskontrolle,2024-01-02 00:48:00,29.026513519416593,0.9358118228915022,3.1835049688967456
O163,Lackieren Ofen,2024-01-02 01:18:00,201.2612019821334,59.88377095687804,120.42942636634105
O163,Verpacken Standard,2024-01-02 03:18:00,47.89059028781092,5.985449685615219,9.738309184993794
O163,Versand Express,2024-01-02 03:48:00,247.72230236988065,89.11075917177168,1.9106011164755057
O164,Rohmaterial prüfen,2024-01-01 22:24:00,24.380233962648973,1.972670675750982,0.792038748061541
O164,Fräsen Maschine B,2024-01-01 22:54:00,178.85225672319825,18.360515837474566,39.21505778787825
O164,Qualitätskontrolle,2024-01-02 00:24:00,34.982852552897235,0.533504620771802,4.280959590401648
O164,Lackieren UV-Aushärtung,2024-01-02 00:54:00,159.04748447001094,10.32405702822156,17.704617220368664
O164,Verpacken Recycling,2024-01-02 02:24:00,50.4260472481695,0.0,4.62620768367603
O164,Versand Standard,2024-01-02 02:54:00,91.84763378142429,31.205994516546816,1.5548147055290225
O165,Rohmaterial prüfen,2024-01-01 22:30:00,22.333354909830405,2.02100622715938,0.10216695835032552
O165,Fräsen Maschine B,2024-01-01 23:00:00,188.7368159895778,20.932191564260386,39.52688942556211
O165,Qualitätskontrolle,2024-01-02 00:30:00,35.67810073591472,0.0,1.350971676944653
O165,Lackieren UV-Aushärtung,2024-01-02 01:00:00,156.95705138380148,9.471022291935984,17.886884714479493
O165,Verpacken Recycling,2024-01-02 02:30:00,56.11541533547663,0.7411455996301684,5.7050099367137594
O165,Versand Standard,2024-01-02 03:00:00,97.1482431679316,28.179396699451484,0.5401147167828442
O166,Rohmaterial prüfen,2024-01-01 22:36:00,10.438725122901115,0.43136595391453136,0.0
O166,Fräsen Maschine A,2024-01-01 23:06:00,159.93637999615405,40.91136272217472,80.21150758254296
O166,Qualitätskontrolle,2024-01-02 01:06:00,36.318533388273345,0.15368402253426416,4.086958757340186
O166,Lackieren Ofen,2024-01-02 01:36:00,200.99905216859358,60.26402008133367,122.54470700021353
O166,Verpacken Standard,2024-01-02 03:36:00,43.66246051389901,5.288723662825023,4.690225127543408
O166,Versand Express,2024-01-02 04:06:00,245.19976852360267,89.87729106640428,0.18674474855330248
O167,Rohmaterial prüfen,2024-01-01 22:42:00,14.34898137663038,2.911676675578421,5.032788110507146
O167,Fräsen Maschine A,2024-01-01 23:12:00,153.0105916019624,40.07203686128374,79.5755820601977
O167,Qualitätskontrolle,2024-01-02 01:12:00,25.24040769988882,1.0774805185188625,3.5155050802855015
O167,Lackieren Ofen,2024-01-02 01:42:00,193.79119712259188,60.3341764172449,119.68948190235051
O167,Verpacken Standard,2024-01-02 03:42:00,30.460962210613047,4.139614989220498,7.172788933156712
O167,Versand Express,2024-01-02 04:12:00,259.43843828670094,90.55655312453376,0.0
O168,Rohmaterial prüfen,2024-01-01 22:48:00,22.430181447088184,0.0,4.165382107774146
O168,Fräsen Maschine B,2024-01-01 23:18:00,177.64437674091062,19.906363811260828,42.65159329508438
O168,Qualitätskontrolle,2024-01-02 00:48:00,23.56418215707875,0.0,1.8328013473079903
O168,Lackieren Ofen,2024-01-02 01:18:00,205.19189425509657,58.48065392452316,114.33568880377887
O168,Verpacken Recycling,2024-01-02 03:18:00,47.744205707955004,1.5517407999109203,7.400523499477659
O168,Versand Standard,2024-01-02 03:48:00,97.68419318957301,29.588573392883998,2.3078014685114945
O169,Rohmaterial prüfen,2024-01-01 22:54:00,10.651291501522897,0.11147922481699074,2.3808477798501153
O169,Fräsen Maschine A,2024-01-01 23:24:00,152.24609360642518,39.49019330680912,80.06888202341169
O169,Qualitätskontrolle,2024-01-02 01:24:00,17.55836323293505,0.34175158766615166,3.907017425108935
O169,Lackieren Ofen,2024-01-02 01:54:00,195.0885298287266,60.0589842215896,120.8937450016054
O169,Verpacken Standard,2024-01-02 03:54:00,38.287253995711175,5.170463770996571,6.074534869430775
O169,Versand Express,2024-01-02 04:24:00,248.96694360151977,90.61021616958922,0.31394592193686843
O170,Rohmaterial prüfen,2024-01-01 23:00:00,17.067343652180323,0.724216404290793,3.429219581273236
O170,Fräsen Maschine A,2024-01-01 23:30:00,139.7502936071126,41.159074064955895,79.32749052263786
O170,Qualitätskontrolle,2024-01-02 01:30:00,32.12744966620115,2.1972469236452277,0.2566526055390681
O170,Lackieren Ofen,2024-01-02 02:00:00,196.45279498786226,59.711451304124296,118.43249295775114
O170,Verpacken Standard,2024-01-02 04:00:00,48.67468287918404,4.143227906173207,6.888906441026267
O170,Versand Express,2024-01-02 04:30:00,251.0219451580149,88.79785047392392,0.0
O171,Rohmaterial prüfen,2024-01-01 23:06:00,21.587266306250875,0.16713959561748876,1.8132262822001035
O171,Fräsen Maschine B,2024-01-01 23:36:00,177.35333943775814,18.485529690819234,40.643186422678475
O171,Qualitätskontrolle,2024-01-02 01:06:00,38.774665358236206,1.018401630783438,3.450528234495099
O171,Lackieren UV-Aushärtung,2024-01-02 01:36:00,163.4636137755843,8.730669503453301,23.40502931625921
O171,Verpacken Recycling,2024-01-02 03:06:00,51.01164398211401,2.631856899089109,3.5339340089520213
O171,Versand Standard,2024-01-02 03:36:00,109.09030961278913,30.775155494034784,1.1060801717047168
O172,Rohmaterial prüfen,2024-01-01 23:12:00,21.17012227176574,0.25147138192555063,4.401063316947745
O172,Fräsen Maschine B,2024-01-01 23:42:00,180.70179934924025,18.032930296412847,37.76562707658599
O172,Qualitätskontrolle,2024-01-02 01:12:00,29.070771239036265,1.309998983165555,2.8868230222002085
O172,Lackieren Ofen,2024-01-02 01:42:00,206.0948539489683,58.04889813596137,120.28717587301033
O172,Verpacken Recycling,2024-01-02 03:42:00,40.91010387306423,1.7597122954841684,4.811082571115994
O172,Versand Standard,2024-01-02 04:12:00,102.0980498601206,29.136117039410234,2.558929863315502
O173,Rohmaterial prüfen,2024-01-01 23:18:00,25.208623320294258,1.0835443030118876,1.7409655062731184
O173,Fräsen Maschine B,2024-01-01 23:48:00,182.89928642647567,19.29310743201265,41.711111318041425
O173,Qualitätskontrolle,2024-01-02 01:18:00,38.2474044716196,2.070610559979186,1.540795060385181
O173,Lackieren Ofen,2024-01-02 01:48:00,201.80708658636553,58.70685845624135,121.14478062235135
O173,Verpacken Recycling,2024-01-02 03:48:00,52.253017064312694,0.0,2.6764323121752724
O173,Versand Standard,2024-01-02 04:18:00,98.58430551628116,29.699140252859173,0.0
O174,Rohmaterial prüfen,2024-01-01 23:24:00,21.944893646760917,0.7514736089405121,1.6114617360429615
O174,Fräsen Maschine B,2024-01-01 23:54:00,176.22104249920818,21.048707126416563,43.31081422617659
O174,Qualitätskontrolle,2024-01-02 01:24:00,27.582192580767316,0.38783308284517926,3.9824153308239927
O174,Lackieren UV-Aushärtung,2024-01-02 01:54:00,158.20985310126508,9.860602799336766,21.47930630344934
O174,Verpacken Recycling,2024-01-02 03:24:00,40.45321956246354,2.3183023248526693,5.145361048658683
O174,Versand Standard,2024-01-02 03:54:00,97.9425342771891,29.910765845778553,0.0
O175,Rohmaterial prüfen,2024-01-01 23:30:00,11.343993482775373,1.994938227453236,2.0826512645412367
O175,Fräsen Maschine B,2024-01-02 00:00:00,182.21501065223688,20.951549770574044,37.9576750848794
O175,Qualitätskontrolle,2024-01-02 01:30:00,32.367359495176146,0.7323589091012064,4.693541550432988
O175,Lackieren UV-Aushärtung,2024-01-02 02:00:00,149.36386289824253,9.90090569975873,18.794358688432077
O175,Verpacken Recycling,2024-01-02 03:30:00,52.16131475317078,1.4700441873682022,3.584748210355948
O175,Versand Standard,2024-01-02 04:00:00,96.43913067911978,29.889334631442672,0.0
O176,Rohmaterial prüfen,2024-01-01 23:36:00,24.209918477260636,0.13079279955255385,0.0
O176,Fräsen Maschine A,2024-01-02 00:06:00,148.12588971689098,38.96145617915603,76.73744836907811
O176,Qualitätskontrolle,2024-01-02 02:06:00,23.812866808887136,1.10940847183297,5.657281656496462
O176,Lackieren Ofen,2024-01-02 02:36:00,201.5659223693249,59.39349661178426,120.9118083903414
O176,Verpacken Standard,2024-01-02 04:36:00,37.704548448905044,4.305399630836855,5.691274663534031
O176,Versand Express,2024-01-02 05:06:00,241.2408559662414,89.61007629344056,0.3161069798402637
O177,Rohmaterial prüfen,2024-01-01 23:42:00,19.51688164992555,0.08403307205264138,0.10850787860643774
O177,Fräsen Maschine A,2024-01-02 00:12:00,153.04123095842485,38.68286808005342,81.55205582768696
O177,Qualitätskontrolle,2024-01-02 02:12:00,24.988914905366375,0.24756476264696503,0.06642961876864595
O177,Lackieren Ofen,2024-01-02 02:42:00,197.49298926557182,60.97531245847798,121.03125617688791
O177,Verpacken Standard,2024-01-02 04:42:00,44.892110560140175,5.522142545933936,5.792660342939262
O177,Versand Express,2024-01-02 05:12:00,248.34605387836223,89.21980087088254,2.6611498080780804
O178,Rohmaterial prüfen,2024-01-01 23:48:00,14.016056767868442,1.3936976893891109,3.7859077402175387
O178,Fräsen Maschine B,2024-01-02 00:18:00,189.14810100858043,19.590313407370502,41.42464431916032
O178,Qualitätskontrolle,2024-01-02 01:48:00,41.40825918269421,0.38235832306630335,0.0
O178,Lackieren Ofen,2024-01-02 02:18:00,190.59994983046118,60.71271202886133,116.23369958388284
O178,Verpacken Recycling,2024-01-02 04:18:00,48.13840473531039,1.4373131870389608,5.370351073659828
O178,Versand Standard,2024-01-02 04:48:00,102.12722432092086,30.222289855800852,2.5577316266267864
O179,Rohmaterial prüfen,2024-01-01 23:54:00,15.238418096306015,0.0,0.45468110945835205
O179,Fräsen Maschine B,2024-01-02 00:24:00,184.15095905931304,20.900398588395063,40.90245063863701
O179,Qualitätskontrolle,2024-01-02 01:54:00,35.91746833444964,0.0,6.3344482231022745
O179,Lackieren Ofen,2024-01-02 02:24:00,207.61619310856128,60.735621997245744,123.56359781754212
O179,Verpacken Recycling,2024-01-02 04:24:00,41.71688396161113,0.47555186373734815,3.5293930786360956
O179,Versand Standard,2024-01-02 04:54:00,103.60739661878672,28.949859260397854,1.514990298674971
O180,Rohmaterial prüfen,2024-01-02 00:00:00,26.852680719983567,1.1952029000839994,2.567502047323002
O180,Fräsen Maschine B,2024-01-02 00:30:00,175.06063329549625,19.153149033874634,42.499237810593335
O180,Qualitätskontrolle,2024-01-02 02:00:00,33.89674501952666,0.9609804806224559,2.164180908468219
O180,Lackieren Ofen,2024-01-02 02:30:00,189.87096063444312,58.92914758131556,123.82283817427944
O180,Verpacken Recycling,2024-01-02 04:30:00,43.597722144987664,1.1894798212210806,7.014887946390397
O180,Versand Standard,2024-01-02 05:00:00,93.72538665998854,30.184710474781085,1.87583107502131
O181,Rohmaterial prüfen,2024-01-02 00:06:00,20.06249660953625,3.3684030556667683,0.0
O181,Fräsen Maschine B,2024-01-02 00:36:00,185.29364264941938,19.827198262603535,41.54384030967335
O181,Qualitätskontrolle,2024-01-02 02:06:00,32.20653575849623,0.2668438028900034,3.4579927849186807
O181,Lackieren Ofen,2024-01-02 02:36:00,190.71049274300856,60.60324750057139,120.59631693198105
O181,Verpacken Recycling,2024-01-02 04:36:00,53.19330084321551,2.0581183250871504,5.735239680419422
O181,Versand Standard,2024-01-02 05:06:00,100.74044709899138,29.118931663338707,0.0
O182,Rohmaterial prüfen,2024-01-02 00:12:00,25.933673100886654,1.9363354057059785,1.5237791273758918
O182,Fräsen Maschine B,2024-01-02 00:42:00,180.23001373626636,19.095385625006234,42.34551369053489
O182,Qualitätskontrolle,2024-01-02 02:12:00,33.32708411845889,2.941217436463749,1.2433538456405222
O182,Lackieren Ofen,2024-01-02 02:42:00,198.1099605049089,60.23144592252557,121.29297907545154
O182,Verpacken Recycling,2024-01-02 04:42:00,48.92166181226184,0.1270389095462996,6.762815057847142
O182,Versand Standard,2024-01-02 05:12:00,103.6056768127279,29.083725899436274,2.7108856022109915
O183,Rohmaterial prüfen,2024-01-02 00:18:00,25.85099354598302,0.6342964972477929,2.159195724752073
O183,Fräsen Maschine B,2024-01-02 00:48:00,182.77028885557954,19.138296929743742,40.06006295832817
O183,Qualitätskontrolle,2024-01-02 02:18:00,19.2380822769541,1.8764556455029355,0.0
O183,Lackieren UV-Aushärtung,2024-01-02 02:48:00,167.51709914214499,9.66987990603355,19.576666036137645
O183,Verpacken Recycling,2024-01-02 04:18:00,46.861330469577474,0.7119611260779236,7.837062690296073
O183,Versand Standard,2024-01-02 04:48:00,87.5609567173246,31.276965386088186,0.6760469622034163
O184,Rohmaterial prüfen,2024-01-02 00:24:00,13.964891760713922,0.0,5.352786054416406
O184,Fräsen Maschine A,2024-01-02 00:54:00,145.27246560028635,38.846649489404044,82.27462908472945
O184,Qualitätskontrolle,2024-01-02 02:54:00,31.692764381429573,0.06207442346360115,3.433249950809238
O184,Lackieren Ofen,2024-01-02 03:24:00,194.87123658179863,61.1008213984226,122.12274192974627
O184,Verpacken Standard,2024-01-02 05:24:00,42.66003099410972,5.361661061247016,11.522376249734748
O184,Versand Express,2024-01-02 05:54:00,249.99843163694112,88.8181258745792,0.8989478256646137
O185,Rohmaterial prüfen,2024-01-02 00:30:00,30.43023524768557,0.0,1.2770744666120284
O185,Fräsen Maschine B,2024-01-02 01:00:00,182.08223019050726,19.94609515099426,38.03539283924537
O185,Qualitätskontrolle,2024-01-02 02:30:00,35.60928928115236,3.3200407220172594,3.3922629180478148
O185,Lackieren Ofen,2024-01-02 03:00:00,195.47965855132,58.451039474946526,120.51595196244236
O185,Verpacken Recycling,2024-01-02 05:00:00,55.51938671658129,1.4751677464953816,4.995192318162292
O185,Versand Standard,2024-01-02 05:30:00,97.05364174105347,28.90783636728191,1.6695026526497643
O186,Rohmaterial prüfen,2024-01-02 00:36:00,24.568858106927927,0.0,5.179677956361368
O186,Fräsen Maschine A,2024-01-02 01:06:00,152.87035610447,41.3995946451458,77.31574450302978
O186,Qualitätskontrolle,2024-01-02 03:06:00,23.170879222922807,0.8510306902327031,4.005568853790388
O186,Lackieren Ofen,2024-01-02 03:36:00,208.98180411463483,60.70607891381513,119.51463744637593
O186,Verpacken Standard,2024-01-02 05:36:00,34.86815396167054,6.23000057271915,6.07058914849857
O186,Versand Express,2024-01-02 06:06:00,258.1423427738616,89.71561535039349,3.1811641452357007
O187,Rohmaterial prüfen,2024-01-02 00:42:00,23.39465645029639,0.36300451055754174,0.9612072563477467
O187,Fräsen Maschine B,2024-01-02 01:12:00,178.2954606132696,20.428316692375237,40.154312992435436
O187,Qualitätskontrolle,2024-01-02 02:42:00,27.030942959656475,0.8343685896823678,3.1571540594382994
O187,Lackieren UV-Aushärtung,2024-01-02 03:12:00,149.35632952792594,10.458168114788698,18.040557550566387
O187,Verpacken Recycling,2024-01-02 04:42:00,44.233337983971275,0.0,1.4122150042642194
O187,Versand Standard,2024-01-02 05:12:00,93.22276248443855,29.29097904236951,3.9065182750531364
O188,Rohmaterial prüfen,2024-01-02 00:48:00,17.37060162052398,0.6777501062680313,2.8009627730126576
O188,Fräsen Maschine A,2024-01-02 01:18:00,150.65532593107923,39.922556539274005,77.60941247280151
O188,Qualitätskontrolle,2024-01-02 03:18:00,37.25463774139606,2.8071966436378855,0.0
O188,Lackieren Ofen,2024-01-02 03:48:00,194.87985704556812,59.720189657622996,118.07092441017961
O188,Verpacken Standard,2024-01-02 05:48:00,42.52982776727933,4.271727797593387,12.330112135613206
O188,Versand Express,2024-01-02 06:18:00,255.95274297171798,90.21257403063221,2.0539725266394644
O189,Rohmaterial prüfen,2024-01-02 00:54:00,25.529502121786543,0.0,0.3675655109160705
O189,Fräsen Maschine A,2024-01-02 01:24:00,150.39071531484825,40.86163612449794,80.27812079730684
O189,Qualitätskontrolle,2024-01-02 03:24:00,22.115017589045014,0.1971755560491577,2.852054272811244
O189,Lackieren Ofen,2024-01-02 03:54:00,199.62167197837084,61.97254217678981,117.228024115202
O189,Verpacken Standard,2024-01-02 05:54:00,42.527946209179376,6.48911310832829,12.542899490845592
O189,Versand Express,2024-01-02 06:24:00,247.9780128840802,90.4914294527202,1.1395207143972939
O190,Rohmaterial prüfen,2024-01-02 01:00:00,20.977408657766453,0.40115479876069393,2.871950779000092
O190,Fräsen Maschine B,2024-01-02 01:30:00,167.33876957390157,20.68206949006263,40.25235580732394
O190,Qualitätskontrolle,2024-01-02 03:00:00,28.887625516108674,3.046862195719558,1.6501319624188955
O190,Lackieren Ofen,2024-01-02 03:30:00,197.98462005467485,61.991553302204736,118.33587739030028
O190,Verpacken Recycling,2024-01-02 05:30:00,47.2494235853173,0.85297457656915,6.681468964259098
O190,Versand Standard,2024-01-02 06:00:00,101.03901253676656,28.707374652847736,0.0
O191,Rohmaterial prüfen,2024-01-02 01:06:00,16.963227833938944,0.42277895477695443,2.851687317259658
O191,Fräsen Maschine B,2024-01-02 01:36:00,182.09102877943985,18.2239882459516,42.12788197512171
O191,Qualitätskontrolle,2024-01-02 03:06:00,31.262844229983116,2.3845320475939062,3.888396654581344
O191,Lackieren Ofen,2024-01-02 03:36:00,205.5066147886788,60.466545311450126,122.6924515124055
O191,Verpacken Recycling,2024-01-02 05:36:00,52.611253180088895,0.9020847535570959,9.544869440893763
O191,Versand Standard,2024-01-02 06:06:00,104.44518561139947,30.573744421004413,0.0
O192,Rohmaterial prüfen,2024-01-02 01:12:00,13.558461912682311,0.7927154821418534,2.291042395536482
O192,Fräsen Maschine A,2024-01-02 01:42:00,146.9293871749584,40.14098269961206,83.17725385608719
O192,Qualitätskontrolle,2024-01-02 03:42:00,33.477012372751496,0.0,2.7769823457141127
O192,Lackieren Ofen,2024-01-02 04:12:00,195.9751675957372,59.612300083591435,119.17276866874072
O192,Verpacken Standard,2024-01-02 06:12:00,37.611772086979975,3.744864628026605,7.74469063696362
O192,Versand Express,2024-01-02 06:42:00,247.19696181576344,87.07055130999773,4.105944049003326
O193,Rohmaterial prüfen,2024-01-02 01:18:00,25.44384827108336,0.12369927507500394,2.037638099481197
O193,Fräsen Maschine A,2024-01-02 01:48:00,144.1417282634122,41.695722877810866,83.79457738954622
O193,Qualitätskontrolle,2024-01-02 03:48:00,30.783468641232623,2.0235306441853447,3.3505735578678477
O193,Lackieren Ofen,2024-01-02 04:18:00,193.31637280562035,59.58817663103634,120.26385593354391
O193,Verpacken Standard,2024-01-02 06:18:00,37.72726140628278,4.781346722564964,7.817200884981771
O193,Versand Express,2024-01-02 06:48:00,249.5956075106727,90.05225849049748,0.0
O194,Rohmaterial prüfen,2024-01-02 01:24:00,16.41491925436032,0.0,3.9556310993724004
O194,Fräsen Maschine B,2024-01-02 01:54:00,169.47176529079837,21.153590343316925,42.77269879452569
O194,Qualitätskontrolle,2024-01-02 03:24:00,28.48909706508689,0.0,2.277378876065419
O194,Lackieren UV-Aushärtung,2024-01-02 03:54:00,159.6790791935559,8.989401780071086,18.969563212383516
O194,Verpacken Recycling,2024-01-02 05:24:00,57.65097599431676,1.664927162301741,3.1508717712438
O194,Versand Standard,2024-01-02 05:54:00,92.01200415202284,29.672982682390227,0.0
O195,Rohmaterial prüfen,2024-01-02 01:30:00,22.480995936816583,0.0,3.022999150723723
O195,Fräsen Maschine B,2024-01-02 02:00:00,189.67577020030114,20.815501022444263,39.90382298533846
O195,Qualitätskontrolle,2024-01-02 03:30:00,29.084247644733527,0.6433268658201288,5.361281824904289
O195,Lackieren Ofen,2024-01-02 04:00:00,196.8634327702435,60.04522270899998,120.10239580376216
O195,Verpacken Recycling,2024-01-02 06:00:00,47.49107903594234,0.0,5.645949007235337
O195,Versand Standard,2024-01-02 06:30:00,99.69498014072309,30.50024046943657,0.0
O196,Rohmaterial prüfen,2024-01-02 01:36:00,26.10410649406524,0.0,5.4240805680357855
O196,Fräsen Maschine B,2024-01-02 02:06:00,171.2618174508587,20.43477006455689,40.95086136505325
O196,Qualitätskontrolle,2024-01-02 03:36:00,26.02221466029559,1.4243939378610126,5.559037339520318
O196,Lackieren UV-Aushärtung,2024-01-02 04:06:00,148.9159058032297,10.502744807490815,15.013458359339845
O196,Verpacken Recycling,2024-01-02 05:36:00,45.17167598238396,2.629166364900945,3.836435933215892
O196,Versand Standard,2024-01-02 06:06:00,94.13060017795513,29.80206227101532,4.135812676327104
O197,Rohmaterial prüfen,2024-01-02 01:42:00,10.84158876396987,0.0,4.994863366359253
O197,Fräsen Maschine B,2024-01-02 02:12:00,189.28851171768866,19.896568775709717,37.521894594946716
O197,Qualitätskontrolle,2024-01-02 03:42:00,40.479217509045796,2.5944423917491966,4.3578939755244654
O197,Lackieren Ofen,2024-01-02 04:12:00,195.9379882553129,59.95097065916196,119.67927983791034
O197,Verpacken Recycling,2024-01-02 06:12:00,51.65425652307789,2.4510014381313363,6.758834082274806
O197,Versand Standard,2024-01-02 06:42:00,94.61311961507622,31.376496450019538,0.6262642800263106
O198,Rohmaterial prüfen,2024-01-02 01:48:00,23.43532897929458,1.966540859278603,0.0
O198,Fräsen Maschine A,2024-01-02 02:18:00,149.82087210646768,39.46854544864078,76.86428114926909
O198,Qualitätskontrolle,2024-01-02 04:18:00,31.733549888024598,3.5115565515844236,0.0
O198,Lackieren Ofen,2024-01-02 04:48:00,199.83859694475265,60.64054293507478,120.24615640331237
O198,Verpacken Standard,2024-01-02 06:48:00,39.434359737421296,3.700783636554176,8.465573485880327
O198,Versand Express,2024-01-02 07:18:00,246.21618011492038,87.81007829502144,2.3891844410274614
O199,Rohmaterial prüfen,2024-01-02 01:54:00,24.79192909921021,0.5516609768510798,2.4581493764114053
O199,Fräsen Maschine B,2024-01-02 02:24:00,185.3715900635778,20.22433965677808,41.80803510952263
O199,Qualitätskontrolle,2024-01-02 03:54:00,28.51258899563075,2.3119837385739466,3.6415714518653677
O199,Lackieren UV-Aushärtung,2024-01-02 04:24:00,160.97025971802938,8.729938911287968,20.57391170860342
O199,Verpacken Recycling,2024-01-02 05:54:00,45.840225412527744,0.36171727347150584,3.369248743367758
O199,Versand Standard,2024-01-02 06:24:00,94.66882534050387,32.124771403016965,2.6626781239768063
O200,Rohmaterial prüfen,2024-01-02 02:00:00,29.601837510721307,0.0,2.142507499821785
O200,Fräsen Maschine B,2024-01-02 02:30:00,173.5324618739795,19.304305122802937,38.16374603316685
O200,Qualitätskontrolle,2024-01-02 04:00:00,36.197920032207804,0.6037703218982402,5.136758667388033
O200,Lackieren UV-Aushärtung,2024-01-02 04:30:00,163.0206044479426,12.303638752104789,17.04111155372055
O200,Verpacken Recycling,2024-01-02 06:00:00,56.296166198933996,2.1464408704007276,3.0532423239459305
O200,Versand Standard,2024-01-02 06:30:00,105.0356666823658,30.33614496302623,0.0
